Time,PWM,T boiler (C),T stillhead(C),T stillhead target (C),jar #,amount collected
Thu 11 Jan 2024 08:20:16 AM PST,38,27.250,4.312,70,5,
Thu 11 Jan 2024 08:20:27 AM PST,44.666,27.437,4.312,70,5,
Thu 11 Jan 2024 08:20:37 AM PST,55.614,27.562,4.375,70,5,
Thu 11 Jan 2024 08:20:47 AM PST,66.488,27.687,4.312,70,5,
Thu 11 Jan 2024 08:20:57 AM PST,77.499,27.875,4.312,70,5,
Thu 11 Jan 2024 08:21:07 AM PST,88.447,28.062,4.375,70,5,
Thu 11 Jan 2024 08:21:17 AM PST,99.321,28.312,4.437,70,5,
Thu 11 Jan 2024 08:21:27 AM PST,99,28.500,4.375,70,5,
Time,PWM,T boiler (C),T stillhead(C),T stillhead target (C),jar #,amount collected
Thu 11 Jan 2024 08:23:00 AM PST,38,31.437,4.312,70,5,
Thu 11 Jan 2024 08:23:11 AM PST,44.666,31.875,4.375,70,5,
Thu 11 Jan 2024 08:23:21 AM PST,55.540,32.312,4.375,70,5,
Thu 11 Jan 2024 08:23:31 AM PST,66.477,32.750,4.375,70,5,
Thu 11 Jan 2024 08:23:41 AM PST,77.414,33.250,4.375,70,5,
Thu 11 Jan 2024 08:23:51 AM PST,88.351,33.750,4.375,70,5,
Thu 11 Jan 2024 08:24:01 AM PST,99.288,34.250,4.375,70,5,
Thu 11 Jan 2024 08:24:11 AM PST,99,34.875,4.375,70,5,
Thu 11 Jan 2024 08:24:21 AM PST,99,35.375,4.375,70,5,
Thu 11 Jan 2024 08:24:31 AM PST,99,35.875,4.375,70,5,
Thu 11 Jan 2024 08:24:41 AM PST,99,36.437,4.375,70,5,
Thu 11 Jan 2024 08:24:51 AM PST,99,37.000,4.375,70,5,
Time,PWM,T boiler (C),T stillhead(C),T stillhead target (C),jar #,amount collected
Thu 11 Jan 2024 08:25:36 AM PST,38,39.812,4.437,70,5,
Thu 11 Jan 2024 08:25:47 AM PST,44.520,40.500,4.375,70,5,
Thu 11 Jan 2024 08:25:57 AM PST,55.519,41.187,4.437,70,5,
Thu 11 Jan 2024 08:26:07 AM PST,66.384,41.875,4.375,70,5,
Thu 11 Jan 2024 08:26:17 AM PST,77.383,42.562,4.437,70,5,
Time,PWM,T boiler (C),T stillhead(C),T stillhead target (C),jar #,amount collected
Thu 11 Jan 2024 08:29:53 AM PST,38,58.187,4.375,70,5,
Thu 11 Jan 2024 08:30:04 AM PST,44.592,59.000,4.375,70,5,
Thu 11 Jan 2024 08:30:14 AM PST,55.529,59.750,4.375,70,5,
Thu 11 Jan 2024 08:30:24 AM PST,66.466,60.500,4.375,70,5,
Thu 11 Jan 2024 08:30:34 AM PST,77.403,61.250,4.375,70,5,
Thu 11 Jan 2024 08:30:44 AM PST,88.340,62.062,4.375,70,5,
Thu 11 Jan 2024 08:30:54 AM PST,99.277,62.812,4.375,70,5,
Thu 11 Jan 2024 08:31:04 AM PST,99,63.562,4.437,70,5,
Thu 11 Jan 2024 08:31:14 AM PST,99,64.312,4.437,70,5,
Thu 11 Jan 2024 08:31:24 AM PST,99,65.000,4.437,70,5,
Thu 11 Jan 2024 08:31:34 AM PST,99,65.750,4.375,70,5,
Thu 11 Jan 2024 08:31:44 AM PST,99,66.437,4.437,70,5,
Thu 11 Jan 2024 08:31:54 AM PST,99,67.125,4.375,70,5,
Thu 11 Jan 2024 08:32:04 AM PST,99,67.750,4.375,70,5,
Thu 11 Jan 2024 08:32:14 AM PST,99,68.312,4.375,70,5,
Thu 11 Jan 2024 08:32:24 AM PST,99,68.937,4.437,70,5,
Thu 11 Jan 2024 08:32:34 AM PST,99,69.500,4.437,70,5,
Thu 11 Jan 2024 08:32:44 AM PST,99,70.062,4.375,70,5,
Thu 11 Jan 2024 08:32:54 AM PST,99,70.562,4.375,70,5,
Thu 11 Jan 2024 08:33:04 AM PST,99,71.125,4.437,70,5,
Thu 11 Jan 2024 08:33:14 AM PST,99,71.625,4.375,70,5,
Thu 11 Jan 2024 08:33:24 AM PST,99,72.062,4.375,70,5,
Thu 11 Jan 2024 08:33:34 AM PST,99,72.500,4.437,70,5,
Thu 11 Jan 2024 08:33:44 AM PST,99,72.937,4.375,70,5,
Thu 11 Jan 2024 08:33:54 AM PST,99,73.375,4.375,70,5,
Thu 11 Jan 2024 08:34:04 AM PST,99,73.750,4.375,70,5,
Thu 11 Jan 2024 08:34:14 AM PST,99,74.125,4.375,70,5,
Thu 11 Jan 2024 08:34:24 AM PST,99,74.500,4.375,70,5,
Thu 11 Jan 2024 08:34:34 AM PST,99,74.812,4.375,70,5,
Thu 11 Jan 2024 08:34:44 AM PST,99,75.125,4.375,70,5,
Thu 11 Jan 2024 08:34:54 AM PST,99,75.437,4.375,70,5,
Thu 11 Jan 2024 08:35:04 AM PST,99,75.750,4.437,70,5,
Thu 11 Jan 2024 08:35:14 AM PST,99,76.062,4.375,70,5,
Thu 11 Jan 2024 08:35:24 AM PST,99,76.312,4.375,70,5,
Thu 11 Jan 2024 08:35:34 AM PST,99,76.562,4.437,70,5,
Thu 11 Jan 2024 08:35:44 AM PST,99,76.812,4.375,70,5,
Thu 11 Jan 2024 08:35:54 AM PST,99,77.062,4.375,70,5,
Thu 11 Jan 2024 08:36:04 AM PST,99,77.250,4.375,70,5,
Thu 11 Jan 2024 08:36:14 AM PST,99,77.437,4.375,70,5,
Thu 11 Jan 2024 08:36:24 AM PST,99,77.625,4.375,70,5,
Thu 11 Jan 2024 08:36:34 AM PST,99,77.812,4.375,70,5,
Thu 11 Jan 2024 08:36:44 AM PST,99,78.000,4.375,70,5,
Thu 11 Jan 2024 08:36:54 AM PST,99,78.187,4.375,70,5,
Thu 11 Jan 2024 08:37:04 AM PST,99,78.375,4.375,70,5,
Thu 11 Jan 2024 08:37:14 AM PST,99,78.500,4.375,70,5,
Thu 11 Jan 2024 08:37:24 AM PST,99,78.687,4.437,70,5,
Thu 11 Jan 2024 08:37:34 AM PST,99,78.812,4.437,70,5,
Thu 11 Jan 2024 08:37:44 AM PST,99,78.937,4.437,70,5,
Thu 11 Jan 2024 08:37:54 AM PST,99,79.062,4.375,70,5,
Thu 11 Jan 2024 08:38:04 AM PST,99,79.187,4.375,70,5,
Thu 11 Jan 2024 08:38:14 AM PST,99,79.312,4.437,70,5,
Thu 11 Jan 2024 08:38:24 AM PST,99,79.437,4.437,70,5,
Thu 11 Jan 2024 08:38:34 AM PST,99,79.562,4.375,70,5,
Thu 11 Jan 2024 08:38:44 AM PST,99,79.625,4.437,70,5,
Thu 11 Jan 2024 08:38:54 AM PST,99,79.750,4.437,70,5,
Thu 11 Jan 2024 08:39:04 AM PST,99,79.875,4.437,70,5,
Thu 11 Jan 2024 08:39:14 AM PST,99,80.000,4.437,70,5,
Thu 11 Jan 2024 08:39:24 AM PST,99,80.125,4.437,70,5,
Thu 11 Jan 2024 08:39:34 AM PST,99,80.250,4.500,70,5,
Thu 11 Jan 2024 08:39:44 AM PST,99,80.437,4.625,70,5,
Thu 11 Jan 2024 08:39:54 AM PST,99,80.687,6.875,70,5,
Thu 11 Jan 2024 08:40:04 AM PST,99,80.875,17.187,70,5,
Thu 11 Jan 2024 08:40:14 AM PST,97.490,81.187,33.812,70,5,
Thu 11 Jan 2024 08:40:24 AM PST,86.896,81.437,47.312,70,5,
Thu 11 Jan 2024 08:40:34 AM PST,77.177,81.687,54.625,70,5,
Thu 11 Jan 2024 08:40:44 AM PST,72.426,81.937,58.687,70,5,
Thu 11 Jan 2024 08:40:54 AM PST,70.249,82.187,61.187,70,5,
Thu 11 Jan 2024 08:41:04 AM PST,69.217,82.437,62.625,70,5,
Thu 11 Jan 2024 08:41:14 AM PST,69.008,82.625,62.625,70,5,
Thu 11 Jan 2024 08:41:24 AM PST,70.237,82.812,63.000,70,5,
Thu 11 Jan 2024 08:41:34 AM PST,71.028,83.000,63.375,70,5,
Thu 11 Jan 2024 08:41:44 AM PST,71.757,83.125,63.625,70,5,
Thu 11 Jan 2024 08:41:54 AM PST,72.569,83.250,63.875,70,5,
Thu 11 Jan 2024 08:42:04 AM PST,73.339,83.437,64.375,70,5,
Thu 11 Jan 2024 08:42:14 AM PST,73.776,83.500,64.875,70,5,
Thu 11 Jan 2024 08:42:24 AM PST,74.130,83.625,65.250,70,5,
Thu 11 Jan 2024 08:42:34 AM PST,74.546,83.750,65.687,70,5,
Thu 11 Jan 2024 08:42:44 AM PST,74.827,83.875,66.062,70,5,
Thu 11 Jan 2024 08:42:54 AM PST,75.108,83.937,66.437,70,5,
Thu 11 Jan 2024 08:43:04 AM PST,75.326,84.000,66.687,70,5,
Thu 11 Jan 2024 08:43:14 AM PST,75.628,84.125,67.000,70,5,
Thu 11 Jan 2024 08:43:24 AM PST,75.815,84.187,67.312,70,5,
Thu 11 Jan 2024 08:43:34 AM PST,75.951,84.250,67.562,70,5,
Thu 11 Jan 2024 08:43:44 AM PST,76.107,84.375,67.812,70,5,
Thu 11 Jan 2024 08:43:54 AM PST,76.221,84.437,68.062,70,5,
Thu 11 Jan 2024 08:44:04 AM PST,76.294,84.500,68.250,70,5,
Thu 11 Jan 2024 08:44:14 AM PST,76.397,84.562,68.500,70,5,
Thu 11 Jan 2024 08:44:24 AM PST,76.397,84.562,68.625,70,5,
Thu 11 Jan 2024 08:44:34 AM PST,76.501,84.625,68.812,70,5,
Thu 11 Jan 2024 08:44:44 AM PST,76.512,84.687,69.000,70,5,
Thu 11 Jan 2024 08:44:54 AM PST,76.490,84.750,69.187,70,5,
Thu 11 Jan 2024 08:45:04 AM PST,76.438,84.750,69.312,70,5,
Thu 11 Jan 2024 08:45:14 AM PST,76.427,84.812,69.437,70,5,
Thu 11 Jan 2024 08:45:24 AM PST,76.395,84.875,69.562,70,5,
Thu 11 Jan 2024 08:45:34 AM PST,76.343,84.875,69.750,70,5,
Thu 11 Jan 2024 08:45:44 AM PST,76.196,84.937,69.812,70,5,
Thu 11 Jan 2024 08:45:54 AM PST,76.165,84.937,69.937,70,5,
Thu 11 Jan 2024 08:46:04 AM PST,76.050,85.000,70.000,70,5,
Thu 11 Jan 2024 08:46:14 AM PST,75.987,85.000,70.125,70,5,
Thu 11 Jan 2024 08:46:24 AM PST,75.842,85.062,70.187,70,5,
Thu 11 Jan 2024 08:46:34 AM PST,75.749,85.062,70.312,70,5,
Thu 11 Jan 2024 08:46:44 AM PST,75.572,85.062,70.375,70,5,
Thu 11 Jan 2024 08:46:54 AM PST,75.447,85.125,70.437,70,5,
Thu 11 Jan 2024 08:47:04 AM PST,75.313,85.125,70.500,70,5,
Thu 11 Jan 2024 08:47:14 AM PST,75.167,85.125,70.562,70,5,
Thu 11 Jan 2024 08:47:24 AM PST,75.012,85.187,70.625,70,5,
Thu 11 Jan 2024 08:47:34 AM PST,74.845,85.187,70.687,70,5,
Thu 11 Jan 2024 08:47:44 AM PST,74.669,85.187,70.750,70,5,
Thu 11 Jan 2024 08:47:54 AM PST,74.481,85.187,70.812,70,5,
Thu 11 Jan 2024 08:48:04 AM PST,74.284,85.187,70.875,70,5,
Thu 11 Jan 2024 08:48:14 AM PST,74.076,85.187,70.875,70,5,
Thu 11 Jan 2024 08:48:24 AM PST,73.931,85.250,70.937,70,5,
Thu 11 Jan 2024 08:48:34 AM PST,73.713,85.250,70.937,70,5,
Thu 11 Jan 2024 08:48:44 AM PST,73.557,85.250,71.000,70,5,
Thu 11 Jan 2024 08:48:54 AM PST,73.328,85.250,71.062,70,5,
Thu 11 Jan 2024 08:49:04 AM PST,73.089,85.250,71.062,70,5,
Thu 11 Jan 2024 08:49:14 AM PST,72.912,85.250,71.125,70,5,
Thu 11 Jan 2024 08:49:24 AM PST,72.662,85.312,71.125,70,5,
Thu 11 Jan 2024 08:49:34 AM PST,72.475,85.250,71.187,70,5,
Thu 11 Jan 2024 08:49:44 AM PST,72.216,85.312,71.187,70,5,
Thu 11 Jan 2024 08:49:54 AM PST,72.019,85.312,71.187,70,5,
Thu 11 Jan 2024 08:50:04 AM PST,71.822,85.312,71.250,70,5,
Thu 11 Jan 2024 08:50:14 AM PST,71.551,85.312,71.250,70,5,
Thu 11 Jan 2024 08:50:24 AM PST,71.343,85.312,71.250,70,5,
Thu 11 Jan 2024 08:50:34 AM PST,71.135,85.312,71.312,70,5,
Thu 11 Jan 2024 08:50:44 AM PST,70.855,85.312,71.312,70,5,
Thu 11 Jan 2024 08:50:54 AM PST,70.637,85.375,71.312,70,5,
Thu 11 Jan 2024 08:51:04 AM PST,70.419,85.375,71.375,70,5,
Time,PWM,T boiler (C),T stillhead(C),T stillhead target (C),jar #,amount collected
Thu 11 Jan 2024 08:51:19 AM PST,38,85.375,71.375,70,5,
Thu 11 Jan 2024 08:51:30 AM PST,1,85.375,70.875,70,5,
Thu 11 Jan 2024 08:51:40 AM PST,1.355,85.375,69.187,70,5,
Thu 11 Jan 2024 08:51:50 AM PST,3.178,85.312,67.375,70,5,
Thu 11 Jan 2024 08:52:00 AM PST,5.427,85.312,66.062,70,5,
Thu 11 Jan 2024 08:52:10 AM PST,7.396,85.250,63.562,70,5,
Time,PWM,T boiler (C),T stillhead(C),T stillhead target (C),jar #,amount collected
Thu 11 Jan 2024 08:52:22 AM PST,38,85.187,60.750,70,5,
Thu 11 Jan 2024 08:52:33 AM PST,1,85.125,58.625,70,5,
Thu 11 Jan 2024 08:52:43 AM PST,5.020,85.125,56.937,70,5,
Thu 11 Jan 2024 08:52:53 AM PST,8.885,85.062,55.437,70,5,
Thu 11 Jan 2024 08:53:03 AM PST,12.812,85.000,54.187,70,5,
Thu 11 Jan 2024 08:53:13 AM PST,16.697,84.937,53.000,70,5,
Thu 11 Jan 2024 08:53:23 AM PST,20.717,84.875,51.937,70,5,
Thu 11 Jan 2024 08:53:33 AM PST,24.790,84.812,50.937,70,5,
Thu 11 Jan 2024 08:53:43 AM PST,28.967,84.687,50.000,70,5,
Thu 11 Jan 2024 08:53:53 AM PST,33.237,84.625,49.375,70,5,
Thu 11 Jan 2024 08:54:03 AM PST,37.299,84.562,48.687,70,5,
Thu 11 Jan 2024 08:54:13 AM PST,41.539,84.500,48.187,70,5,
Thu 11 Jan 2024 08:54:23 AM PST,45.674,84.375,47.750,70,5,
Thu 11 Jan 2024 08:54:33 AM PST,49.819,84.312,47.250,70,5,
Thu 11 Jan 2024 08:54:43 AM PST,54.110,84.312,46.812,70,5,
Thu 11 Jan 2024 08:54:53 AM PST,58.412,84.250,46.250,70,5,
Thu 11 Jan 2024 08:55:03 AM PST,62.932,84.250,45.875,70,5,
Thu 11 Jan 2024 08:55:13 AM PST,67.327,84.187,45.437,70,5,
Thu 11 Jan 2024 08:55:23 AM PST,71.858,84.250,44.875,70,5,
Thu 11 Jan 2024 08:55:33 AM PST,76.607,84.250,44.375,70,5,
Thu 11 Jan 2024 08:55:43 AM PST,81.377,84.250,46.187,70,5,
Thu 11 Jan 2024 08:55:53 AM PST,83.533,84.312,57.312,70,5,
Thu 11 Jan 2024 08:56:03 AM PST,74.522,84.312,63.187,70,5,
Thu 11 Jan 2024 08:56:13 AM PST,69.782,84.375,65.750,70,5,
Thu 11 Jan 2024 08:56:23 AM PST,67.927,84.375,67.062,70,5,
Thu 11 Jan 2024 08:56:33 AM PST,67.104,84.437,67.687,70,5,
Thu 11 Jan 2024 08:56:43 AM PST,66.864,84.500,68.187,70,5,
Thu 11 Jan 2024 08:56:53 AM PST,66.666,84.562,68.437,70,5,
Thu 11 Jan 2024 08:57:03 AM PST,66.676,84.625,68.750,70,5,
Thu 11 Jan 2024 08:57:13 AM PST,66.571,84.625,69.000,70,5,
Thu 11 Jan 2024 08:57:23 AM PST,66.487,84.687,69.187,70,5,
Thu 11 Jan 2024 08:57:33 AM PST,66.435,84.687,69.437,70,5,
Thu 11 Jan 2024 08:57:43 AM PST,66.278,84.750,69.562,70,5,
Thu 11 Jan 2024 08:57:53 AM PST,66.226,84.812,69.750,70,5,
Thu 11 Jan 2024 08:58:03 AM PST,66.079,84.812,69.812,70,5,
Thu 11 Jan 2024 08:58:13 AM PST,66.048,84.875,69.937,70,5,
Thu 11 Jan 2024 08:58:23 AM PST,65.933,84.875,70.062,70,5,
Thu 11 Jan 2024 08:58:33 AM PST,65.798,84.937,70.062,70,5,
Thu 11 Jan 2024 08:58:43 AM PST,65.788,84.937,70.187,70,5,
Thu 11 Jan 2024 08:58:53 AM PST,65.632,85.000,70.312,70,5,
Thu 11 Jan 2024 08:59:03 AM PST,65.455,85.000,70.375,70,5,
Thu 11 Jan 2024 08:59:13 AM PST,65.330,85.062,70.437,70,5,
Thu 11 Jan 2024 08:59:23 AM PST,65.196,85.062,70.500,70,5,
Thu 11 Jan 2024 08:59:33 AM PST,65.050,85.062,70.625,70,5,
Thu 11 Jan 2024 08:59:43 AM PST,64.821,85.125,70.625,70,5,
Thu 11 Jan 2024 08:59:53 AM PST,64.717,85.125,70.750,70,5,
Thu 11 Jan 2024 09:00:03 AM PST,64.467,85.125,70.750,70,5,
Thu 11 Jan 2024 09:00:13 AM PST,64.342,85.187,70.812,70,5,
Thu 11 Jan 2024 09:00:23 AM PST,64.145,85.187,70.875,70,5,
Thu 11 Jan 2024 09:00:33 AM PST,63.937,85.187,70.875,70,5,
Thu 11 Jan 2024 09:00:43 AM PST,63.792,85.187,70.937,70,5,
Thu 11 Jan 2024 09:00:53 AM PST,63.574,85.250,71.000,70,5,
Thu 11 Jan 2024 09:01:03 AM PST,63.345,85.250,71.000,70,5,
Thu 11 Jan 2024 09:01:13 AM PST,63.179,85.250,71.062,70,5,
Thu 11 Jan 2024 09:01:23 AM PST,62.940,85.250,71.125,70,5,
Thu 11 Jan 2024 09:01:33 AM PST,62.690,85.250,71.125,70,5,
Thu 11 Jan 2024 09:01:43 AM PST,62.503,85.312,71.125,70,5,
Thu 11 Jan 2024 09:01:53 AM PST,62.316,85.312,71.187,70,5,
Thu 11 Jan 2024 09:02:03 AM PST,62.057,85.312,71.187,70,5,
Thu 11 Jan 2024 09:02:13 AM PST,61.860,85.312,71.250,70,5,
Thu 11 Jan 2024 09:02:23 AM PST,61.589,85.312,71.250,70,5,
Thu 11 Jan 2024 09:02:33 AM PST,61.381,85.312,71.250,70,5,
Thu 11 Jan 2024 09:02:43 AM PST,61.173,85.312,71.250,70,5,
Thu 11 Jan 2024 09:02:53 AM PST,60.965,85.375,71.312,70,5,
Thu 11 Jan 2024 09:03:03 AM PST,60.685,85.375,71.312,70,5,
Thu 11 Jan 2024 09:03:14 AM PST,60.467,85.375,71.375,70,5,
Thu 11 Jan 2024 09:03:24 AM PST,60.175,85.375,71.375,70,5,
Thu 11 Jan 2024 09:03:34 AM PST,59.946,85.375,71.437,70,5,
Thu 11 Jan 2024 09:03:44 AM PST,59.645,85.312,71.375,70,5,
Thu 11 Jan 2024 09:03:54 AM PST,59.478,85.375,71.437,70,5,
Thu 11 Jan 2024 09:04:04 AM PST,59.177,85.375,71.437,70,5,
Thu 11 Jan 2024 09:04:14 AM PST,58.938,85.375,71.437,70,5,
Thu 11 Jan 2024 09:04:24 AM PST,58.699,85.375,71.437,70,5,
Thu 11 Jan 2024 09:04:34 AM PST,58.460,85.375,71.437,70,5,
Thu 11 Jan 2024 09:04:44 AM PST,58.221,85.375,71.437,70,5,
Thu 11 Jan 2024 09:04:54 AM PST,57.982,85.375,71.437,70,5,
Thu 11 Jan 2024 09:05:04 AM PST,57.743,85.437,71.500,70,5,
Thu 11 Jan 2024 09:05:14 AM PST,57.430,85.437,71.500,70,5,
Thu 11 Jan 2024 09:05:24 AM PST,57.180,85.437,71.500,70,5,
Thu 11 Jan 2024 09:05:34 AM PST,56.930,85.437,71.500,70,5,
Thu 11 Jan 2024 09:05:44 AM PST,56.680,85.375,71.500,70,5,
Thu 11 Jan 2024 09:05:54 AM PST,56.430,85.375,71.500,70,6,0
Thu 11 Jan 2024 09:06:04 AM PST,56.180,85.437,71.500,70,6,
Thu 11 Jan 2024 09:06:14 AM PST,55.930,85.437,71.500,70,6,
Thu 11 Jan 2024 09:06:24 AM PST,55.680,85.375,71.500,70,6,
Thu 11 Jan 2024 09:06:34 AM PST,55.430,85.437,71.562,70,6,
Thu 11 Jan 2024 09:06:44 AM PST,55.108,85.437,71.500,70,6,
Thu 11 Jan 2024 09:06:54 AM PST,54.920,85.375,71.562,70,6,
Thu 11 Jan 2024 09:07:04 AM PST,54.598,85.375,71.562,70,6,
Thu 11 Jan 2024 09:07:14 AM PST,54.338,85.375,71.500,70,6,
Thu 11 Jan 2024 09:07:24 AM PST,54.150,85.437,71.562,70,6,
Thu 11 Jan 2024 09:07:34 AM PST,53.828,85.375,71.562,70,6,
Thu 11 Jan 2024 09:07:44 AM PST,53.568,85.437,71.562,70,6,
Thu 11 Jan 2024 09:07:54 AM PST,53.308,85.375,71.500,70,6,
Thu 11 Jan 2024 09:08:04 AM PST,53.120,85.375,71.562,70,6,
Thu 11 Jan 2024 09:08:14 AM PST,52.798,85.375,71.562,70,6,
Thu 11 Jan 2024 09:08:24 AM PST,52.538,85.375,71.500,70,6,
Thu 11 Jan 2024 09:08:34 AM PST,52.350,85.437,71.562,70,6,
Thu 11 Jan 2024 09:08:44 AM PST,52.028,85.375,71.500,70,6,
Thu 11 Jan 2024 09:08:54 AM PST,51.840,85.375,71.562,70,6,
Thu 11 Jan 2024 09:09:04 AM PST,51.518,85.375,71.500,70,6,
Time,PWM,T boiler (C),T stillhead(C),T stillhead target (C),jar #,amount collected
Thu 11 Jan 2024 09:09:14 AM PST,38,85.375,71.500,70,5,
Thu 11 Jan 2024 09:09:25 AM PST,1,85.375,71.500,70,5,
Thu 11 Jan 2024 09:09:35 AM PST,.500,85.375,70.312,70,5,
Thu 11 Jan 2024 09:09:45 AM PST,1.584,85.375,68.562,70,5,
Thu 11 Jan 2024 09:09:55 AM PST,3.813,85.312,66.750,70,5,
Thu 11 Jan 2024 09:10:05 AM PST,6.708,85.312,65.250,70,5,
Thu 11 Jan 2024 09:10:15 AM PST,9.791,85.250,63.250,70,5,
Thu 11 Jan 2024 09:10:25 AM PST,14.041,85.250,61.187,70,5,
Thu 11 Jan 2024 09:10:35 AM PST,19.041,85.187,59.312,70,5,
Thu 11 Jan 2024 09:10:45 AM PST,24.478,85.125,57.562,70,5,
Thu 11 Jan 2024 09:10:55 AM PST,30.374,85.062,56.375,70,5,
Thu 11 Jan 2024 09:11:05 AM PST,36.102,85.000,55.250,70,5,
Thu 11 Jan 2024 09:11:15 AM PST,42.143,84.937,54.375,70,5,
Thu 11 Jan 2024 09:11:25 AM PST,48.226,84.937,54.062,70,5,
Thu 11 Jan 2024 09:11:35 AM PST,53.851,84.875,53.812,70,5,
Thu 11 Jan 2024 09:11:45 AM PST,59.497,84.812,53.375,70,5,
Thu 11 Jan 2024 09:11:55 AM PST,65.475,84.812,52.937,70,5,
Thu 11 Jan 2024 09:12:05 AM PST,71.600,84.812,58.125,70,5,
Thu 11 Jan 2024 09:12:15 AM PST,70.370,84.812,64.125,70,5,
Thu 11 Jan 2024 09:12:25 AM PST,66.328,84.812,67.312,70,5,
Thu 11 Jan 2024 09:12:35 AM PST,64.037,84.812,68.625,70,5,
Thu 11 Jan 2024 09:12:45 AM PST,63.182,84.875,69.250,70,5,
Thu 11 Jan 2024 09:12:55 AM PST,62.807,84.875,69.625,70,5,
Thu 11 Jan 2024 09:13:05 AM PST,62.557,84.875,69.812,70,5,
Thu 11 Jan 2024 09:13:15 AM PST,62.432,84.875,70.062,70,5,
Thu 11 Jan 2024 09:13:25 AM PST,62.162,84.937,70.250,70,5,
Thu 11 Jan 2024 09:13:35 AM PST,61.891,84.937,70.437,70,5,
Thu 11 Jan 2024 09:13:45 AM PST,61.559,85.000,70.500,70,5,
Thu 11 Jan 2024 09:13:55 AM PST,61.330,85.000,70.625,70,5,
Thu 11 Jan 2024 09:14:05 AM PST,60.997,85.000,70.687,70,5,
Thu 11 Jan 2024 09:14:15 AM PST,60.706,85.062,70.750,70,5,
Thu 11 Jan 2024 09:14:25 AM PST,60.393,85.062,70.812,70,5,
Thu 11 Jan 2024 09:14:35 AM PST,60.061,85.062,70.812,70,5,
Thu 11 Jan 2024 09:14:45 AM PST,59.791,85.125,70.875,70,5,
Thu 11 Jan 2024 09:14:55 AM PST,59.437,85.125,70.937,70,5,
Thu 11 Jan 2024 09:15:05 AM PST,59.063,85.187,71.000,70,5,
Thu 11 Jan 2024 09:15:15 AM PST,58.667,85.187,71.000,70,5,
Thu 11 Jan 2024 09:15:25 AM PST,58.334,85.187,71.000,70,5,
Thu 11 Jan 2024 09:15:35 AM PST,58.001,85.250,71.062,70,5,
Thu 11 Jan 2024 09:15:45 AM PST,57.585,85.250,71.125,70,5,
Thu 11 Jan 2024 09:15:55 AM PST,57.147,85.250,71.125,70,5,
Thu 11 Jan 2024 09:16:05 AM PST,56.772,85.250,71.125,70,5,
Thu 11 Jan 2024 09:16:15 AM PST,56.397,85.250,71.187,70,5,
Thu 11 Jan 2024 09:16:25 AM PST,55.940,85.250,71.187,70,5,
Thu 11 Jan 2024 09:16:35 AM PST,55.545,85.312,71.250,70,5,
Thu 11 Jan 2024 09:16:45 AM PST,55.066,85.312,71.250,70,5,
Thu 11 Jan 2024 09:16:55 AM PST,54.650,85.312,71.250,70,5,
Thu 11 Jan 2024 09:17:05 AM PST,54.234,85.375,71.250,70,5,
Thu 11 Jan 2024 09:17:15 AM PST,53.818,85.312,71.312,70,5,
Thu 11 Jan 2024 09:17:25 AM PST,53.319,85.312,71.312,70,5,
Thu 11 Jan 2024 09:17:35 AM PST,52.882,85.312,71.375,70,5,
Thu 11 Jan 2024 09:17:45 AM PST,52.361,85.375,71.375,70,5,
Thu 11 Jan 2024 09:17:55 AM PST,51.903,85.312,71.375,70,5,
Thu 11 Jan 2024 09:18:05 AM PST,51.445,85.375,71.375,70,5,
Thu 11 Jan 2024 09:18:15 AM PST,50.987,85.375,71.375,70,5,
Thu 11 Jan 2024 09:18:25 AM PST,50.529,85.375,71.375,70,5,
Thu 11 Jan 2024 09:18:35 AM PST,50.071,85.375,71.375,70,5,
Thu 11 Jan 2024 09:18:45 AM PST,49.613,85.375,71.375,70,5,
Thu 11 Jan 2024 09:18:55 AM PST,49.155,85.375,71.437,70,5,
Thu 11 Jan 2024 09:19:05 AM PST,48.614,85.375,71.437,70,5,
Thu 11 Jan 2024 09:19:15 AM PST,48.135,85.375,71.437,70,5,
Thu 11 Jan 2024 09:19:25 AM PST,47.656,85.375,71.437,70,5,
Thu 11 Jan 2024 09:19:35 AM PST,47.177,85.375,71.437,70,5,
Thu 11 Jan 2024 09:19:45 AM PST,46.698,85.375,71.375,70,5,
Thu 11 Jan 2024 09:19:55 AM PST,46.302,85.375,71.437,70,5,
Thu 11 Jan 2024 09:20:05 AM PST,45.761,85.375,71.437,70,5,
Thu 11 Jan 2024 09:20:15 AM PST,45.282,85.375,71.437,70,5,
Thu 11 Jan 2024 09:20:25 AM PST,44.803,85.375,71.437,70,5,
Thu 11 Jan 2024 09:20:35 AM PST,44.324,85.375,71.375,70,5,
Thu 11 Jan 2024 09:20:45 AM PST,43.928,85.375,71.375,70,5,
Thu 11 Jan 2024 09:20:55 AM PST,43.470,85.375,71.375,70,5,
Thu 11 Jan 2024 09:21:05 AM PST,43.012,85.375,71.375,70,5,
Thu 11 Jan 2024 09:21:15 AM PST,42.554,85.312,71.375,70,5,
Thu 11 Jan 2024 09:21:25 AM PST,42.096,85.312,71.375,70,5,
Thu 11 Jan 2024 09:21:35 AM PST,41.638,85.312,71.375,70,5,
Thu 11 Jan 2024 09:21:45 AM PST,41.180,85.312,71.375,70,5,
Thu 11 Jan 2024 09:21:55 AM PST,40.722,85.312,71.312,70,5,
Thu 11 Jan 2024 09:22:05 AM PST,40.348,85.312,71.312,70,5,
Thu 11 Jan 2024 09:22:15 AM PST,39.911,85.312,71.312,70,5,
Thu 11 Jan 2024 09:22:25 AM PST,39.474,85.312,71.312,70,5,
Thu 11 Jan 2024 09:22:35 AM PST,39.037,85.312,71.250,70,5,
Thu 11 Jan 2024 09:22:45 AM PST,38.683,85.312,71.187,70,5,
Thu 11 Jan 2024 09:22:55 AM PST,38.351,85.312,71.125,70,5,
Thu 11 Jan 2024 09:23:05 AM PST,38.038,85.312,71.000,70,5,
Thu 11 Jan 2024 09:23:15 AM PST,37.830,85.250,70.937,70,5,
Thu 11 Jan 2024 09:23:25 AM PST,37.581,85.250,70.937,70,5,
Thu 11 Jan 2024 09:23:35 AM PST,37.269,85.250,70.875,70,5,
Thu 11 Jan 2024 09:23:45 AM PST,37.040,85.250,70.687,70,5,
Thu 11 Jan 2024 09:23:55 AM PST,36.999,85.250,70.125,70,5,
Thu 11 Jan 2024 09:24:05 AM PST,37.520,85.250,69.062,70,5,
Thu 11 Jan 2024 09:24:15 AM PST,38.895,85.187,69.312,70,5,
Thu 11 Jan 2024 09:24:25 AM PST,38.874,85.187,69.687,70,5,
Thu 11 Jan 2024 09:24:35 AM PST,38.603,85.187,69.812,70,5,
Thu 11 Jan 2024 09:24:45 AM PST,38.540,85.187,69.625,70,5,
Thu 11 Jan 2024 09:24:55 AM PST,38.852,85.187,69.687,70,5,
Thu 11 Jan 2024 09:25:05 AM PST,38.894,85.125,69.812,70,5,
Thu 11 Jan 2024 09:25:15 AM PST,38.831,85.187,69.875,70,5,
Thu 11 Jan 2024 09:25:25 AM PST,38.809,85.187,70.000,70,5,
Thu 11 Jan 2024 09:25:35 AM PST,38.684,85.125,70.062,70,5,
Thu 11 Jan 2024 09:25:45 AM PST,38.602,85.187,70.000,70,5,
Thu 11 Jan 2024 09:25:55 AM PST,38.664,85.125,70.000,70,5,
Thu 11 Jan 2024 09:26:05 AM PST,38.664,85.187,70.000,70,5,
Thu 11 Jan 2024 09:26:15 AM PST,38.664,85.125,70.000,70,5,
Thu 11 Jan 2024 09:26:25 AM PST,38.664,85.125,70.062,70,5,
Thu 11 Jan 2024 09:26:35 AM PST,38.582,85.125,69.875,70,5,
Thu 11 Jan 2024 09:26:45 AM PST,38.810,85.125,69.875,70,5,
Thu 11 Jan 2024 09:26:55 AM PST,38.851,85.125,69.812,70,5,
Thu 11 Jan 2024 09:27:05 AM PST,38.976,85.125,69.812,70,5,
Thu 11 Jan 2024 09:27:15 AM PST,39.038,85.125,69.875,70,5,
Thu 11 Jan 2024 09:27:25 AM PST,39.016,85.125,69.937,70,5,
Thu 11 Jan 2024 09:27:35 AM PST,38.975,85.125,70.000,70,5,
Thu 11 Jan 2024 09:27:45 AM PST,38.912,85.062,70.125,70,5,
Thu 11 Jan 2024 09:27:55 AM PST,38.746,85.125,70.187,70,5,
Thu 11 Jan 2024 09:28:05 AM PST,38.622,85.125,69.937,70,5,
Thu 11 Jan 2024 09:28:15 AM PST,38.893,85.125,69.125,70,5,
Thu 11 Jan 2024 09:28:25 AM PST,39.996,85.062,69.125,70,5,
Thu 11 Jan 2024 09:28:35 AM PST,40.287,85.125,69.437,70,5,
Thu 11 Jan 2024 09:28:45 AM PST,40.162,85.125,69.625,70,5,
Thu 11 Jan 2024 09:28:55 AM PST,40.099,85.125,69.750,70,5,
Thu 11 Jan 2024 09:29:05 AM PST,40.057,85.125,69.812,70,5,
Thu 11 Jan 2024 09:29:15 AM PST,40.057,85.062,69.625,70,5,
Thu 11 Jan 2024 09:29:25 AM PST,40.369,85.062,69.687,70,5,
Thu 11 Jan 2024 09:29:35 AM PST,40.411,85.125,70.000,70,5,
Thu 11 Jan 2024 09:29:45 AM PST,40.098,85.125,70.187,70,5,
Thu 11 Jan 2024 09:29:55 AM PST,39.849,85.125,70.312,70,5,
Thu 11 Jan 2024 09:30:05 AM PST,39.620,85.062,70.375,70,5,
Thu 11 Jan 2024 09:30:15 AM PST,39.432,85.125,70.375,70,5,
Thu 11 Jan 2024 09:30:25 AM PST,39.307,85.062,70.312,70,5,
Thu 11 Jan 2024 09:30:35 AM PST,39.266,85.062,70.312,70,5,
Thu 11 Jan 2024 09:30:45 AM PST,39.162,85.125,70.375,70,5,
Thu 11 Jan 2024 09:30:55 AM PST,38.974,85.125,70.437,70,5,
Thu 11 Jan 2024 09:31:05 AM PST,38.767,85.062,70.437,70,5,
Thu 11 Jan 2024 09:31:15 AM PST,38.622,85.062,70.437,70,5,
Thu 11 Jan 2024 09:31:25 AM PST,38.477,85.125,70.187,70,5,
Thu 11 Jan 2024 09:31:35 AM PST,38.665,85.062,69.437,70,5,
Thu 11 Jan 2024 09:31:45 AM PST,39.602,85.125,69.062,70,6,0
Thu 11 Jan 2024 09:31:55 AM PST,40.289,85.125,69.437,70,6,
Thu 11 Jan 2024 09:32:05 AM PST,40.101,85.125,69.687,70,6,
Thu 11 Jan 2024 09:32:15 AM PST,39.955,85.125,69.812,70,6,
Thu 11 Jan 2024 09:32:25 AM PST,39.892,85.125,70.062,70,6,
Thu 11 Jan 2024 09:32:35 AM PST,39.622,85.125,70.000,70,6,
Thu 11 Jan 2024 09:32:45 AM PST,39.684,85.062,70.062,70,6,
Thu 11 Jan 2024 09:32:55 AM PST,39.602,85.062,70.125,70,6,
Thu 11 Jan 2024 09:33:05 AM PST,39.498,85.125,70.187,70,6,
Thu 11 Jan 2024 09:33:15 AM PST,39.374,85.125,70.187,70,6,
Thu 11 Jan 2024 09:33:25 AM PST,39.312,85.125,70.125,70,6,
Thu 11 Jan 2024 09:33:35 AM PST,39.333,85.125,70.312,70,6,
Thu 11 Jan 2024 09:33:45 AM PST,39.042,85.125,70.437,70,6,
Thu 11 Jan 2024 09:33:55 AM PST,38.772,85.125,70.437,70,6,
Thu 11 Jan 2024 09:34:05 AM PST,38.627,85.125,70.562,70,6,
Thu 11 Jan 2024 09:34:15 AM PST,38.315,85.125,70.437,70,6,
Thu 11 Jan 2024 09:34:25 AM PST,38.295,85.125,70.437,70,6,
Thu 11 Jan 2024 09:34:35 AM PST,38.150,85.125,70.312,70,6,
Thu 11 Jan 2024 09:34:45 AM PST,38.171,85.125,70.250,70,6,
Thu 11 Jan 2024 09:34:55 AM PST,38.150,85.125,70.312,70,6,
Thu 11 Jan 2024 09:35:05 AM PST,37.984,85.125,69.250,70,6,
Thu 11 Jan 2024 09:35:15 AM PST,39.296,85.125,67.812,70,6,
Thu 11 Jan 2024 09:35:25 AM PST,41.463,85.125,68.812,70,6,
Thu 11 Jan 2024 09:35:35 AM PST,40.859,85.125,69.562,70,6,
Thu 11 Jan 2024 09:35:45 AM PST,40.255,85.125,70.000,70,6,
Thu 11 Jan 2024 09:35:55 AM PST,39.817,85.125,70.375,70,6,
Thu 11 Jan 2024 09:36:05 AM PST,39.317,85.125,70.687,70,6,
Thu 11 Jan 2024 09:36:15 AM PST,38.776,85.125,70.875,70,6,
Thu 11 Jan 2024 09:36:25 AM PST,38.297,85.125,70.750,70,6,
Thu 11 Jan 2024 09:36:35 AM PST,38.172,85.187,70.500,70,6,
Thu 11 Jan 2024 09:36:45 AM PST,38.256,85.187,70.375,70,6,
Thu 11 Jan 2024 09:36:55 AM PST,38.256,85.187,70.187,70,6,
Thu 11 Jan 2024 09:37:05 AM PST,38.382,85.187,70.000,70,6,
Thu 11 Jan 2024 09:37:15 AM PST,38.569,85.125,68.875,70,6,
Thu 11 Jan 2024 09:37:25 AM PST,40.069,85.125,68.125,70,6,
Thu 11 Jan 2024 09:37:35 AM PST,41.444,85.187,69.000,70,6,
Thu 11 Jan 2024 09:37:45 AM PST,40.902,85.125,69.562,70,6,
Thu 11 Jan 2024 09:37:55 AM PST,40.486,85.187,70.000,70,6,
Thu 11 Jan 2024 09:38:05 AM PST,40.048,85.187,70.312,70,6,
Thu 11 Jan 2024 09:38:15 AM PST,39.632,85.187,70.562,70,6,
Thu 11 Jan 2024 09:38:25 AM PST,39.195,85.187,70.687,70,6,
Thu 11 Jan 2024 09:38:35 AM PST,38.841,85.187,70.687,70,6,
Thu 11 Jan 2024 09:38:45 AM PST,38.612,85.187,70.562,70,6,
Thu 11 Jan 2024 09:38:55 AM PST,38.550,85.187,70.562,70,6,
Thu 11 Jan 2024 09:39:05 AM PST,38.363,85.187,69.937,70,6,
Thu 11 Jan 2024 09:39:15 AM PST,39.009,85.187,69.937,70,6,
Thu 11 Jan 2024 09:39:25 AM PST,39.030,85.250,70.187,70,6,
Thu 11 Jan 2024 09:39:35 AM PST,38.718,85.187,70.312,70,6,
Thu 11 Jan 2024 09:39:45 AM PST,38.489,85.250,70.187,70,6,
Thu 11 Jan 2024 09:39:55 AM PST,38.552,85.250,69.312,70,6,
Thu 11 Jan 2024 09:40:05 AM PST,39.656,85.250,69.250,70,6,
Thu 11 Jan 2024 09:40:15 AM PST,39.968,85.187,69.875,70,6,
Thu 11 Jan 2024 09:40:25 AM PST,39.384,85.250,70.187,70,6,
Thu 11 Jan 2024 09:40:35 AM PST,39.010,85.250,70.375,70,6,
Thu 11 Jan 2024 09:40:45 AM PST,38.697,85.250,70.437,70,6,
Thu 11 Jan 2024 09:40:55 AM PST,38.490,85.250,70.562,70,6,
Thu 11 Jan 2024 09:41:05 AM PST,38.178,85.312,70.312,70,6,
Thu 11 Jan 2024 09:41:15 AM PST,38.324,85.250,70.125,70,6,
Thu 11 Jan 2024 09:41:25 AM PST,38.470,85.250,69.937,70,6,
Thu 11 Jan 2024 09:41:35 AM PST,38.679,85.312,70.125,70,6,
Thu 11 Jan 2024 09:41:45 AM PST,38.450,85.312,69.937,70,6,
Thu 11 Jan 2024 09:41:55 AM PST,38.659,85.312,69.812,70,6,
Thu 11 Jan 2024 09:42:05 AM PST,38.846,85.250,68.937,70,6,
Thu 11 Jan 2024 09:42:15 AM PST,40.075,85.312,68.187,70,6,
Thu 11 Jan 2024 09:42:25 AM PST,41.429,85.312,68.812,70,6,
Thu 11 Jan 2024 09:42:35 AM PST,41.200,85.312,69.500,70,6,
Thu 11 Jan 2024 09:42:45 AM PST,40.678,85.312,69.875,70,6,
Thu 11 Jan 2024 09:42:55 AM PST,40.344,85.312,70.250,70,6,
Thu 11 Jan 2024 09:43:05 AM PST,39.886,85.312,70.500,70,6,
Thu 11 Jan 2024 09:43:15 AM PST,39.470,85.312,70.625,70,6,
Thu 11 Jan 2024 09:43:25 AM PST,39.137,85.312,70.687,70,6,
Thu 11 Jan 2024 09:43:35 AM PST,38.846,85.312,70.750,70,6,
Thu 11 Jan 2024 09:43:45 AM PST,38.533,85.312,70.625,70,6,
Thu 11 Jan 2024 09:43:55 AM PST,38.450,85.312,70.375,70,6,
Thu 11 Jan 2024 09:44:05 AM PST,38.575,85.312,70.062,70,6,
Thu 11 Jan 2024 09:44:15 AM PST,38.868,85.312,69.687,70,6,
Thu 11 Jan 2024 09:44:25 AM PST,39.347,85.312,69.375,70,6,
Thu 11 Jan 2024 09:44:35 AM PST,39.867,85.312,69.500,70,6,
Thu 11 Jan 2024 09:44:45 AM PST,39.908,85.375,69.812,70,6,
Thu 11 Jan 2024 09:44:55 AM PST,39.658,85.375,69.937,70,6,
Thu 11 Jan 2024 09:45:05 AM PST,39.554,85.312,70.062,70,6,
Thu 11 Jan 2024 09:45:15 AM PST,39.409,85.375,70.250,70,6,
Thu 11 Jan 2024 09:45:25 AM PST,39.138,85.375,70.375,70,6,
Thu 11 Jan 2024 09:45:35 AM PST,38.888,85.375,70.437,70,6,
Thu 11 Jan 2024 09:45:45 AM PST,38.681,85.375,70.562,70,6,
Thu 11 Jan 2024 09:45:55 AM PST,38.369,85.375,70.312,70,6,
Thu 11 Jan 2024 09:46:05 AM PST,38.515,85.375,70.187,70,6,
Thu 11 Jan 2024 09:46:15 AM PST,38.578,85.375,70.187,70,6,
Thu 11 Jan 2024 09:46:25 AM PST,38.516,85.375,69.375,70,6,
Thu 11 Jan 2024 09:46:35 AM PST,39.536,85.375,68.687,70,6,
Thu 11 Jan 2024 09:46:45 AM PST,40.661,85.375,69.125,70,6,
Thu 11 Jan 2024 09:46:55 AM PST,40.514,85.375,69.687,70,6,
Thu 11 Jan 2024 09:47:05 AM PST,40.056,85.375,70.000,70,6,
Thu 11 Jan 2024 09:47:15 AM PST,39.743,85.375,70.250,70,6,
Thu 11 Jan 2024 09:47:25 AM PST,39.410,85.375,70.375,70,6,
Thu 11 Jan 2024 09:47:35 AM PST,39.160,85.437,70.562,70,6,
Thu 11 Jan 2024 09:47:45 AM PST,38.786,85.375,70.625,70,6,
Thu 11 Jan 2024 09:47:55 AM PST,38.515,85.375,70.562,70,6,
Thu 11 Jan 2024 09:48:05 AM PST,38.391,85.437,70.500,70,6,
Thu 11 Jan 2024 09:48:15 AM PST,38.287,85.375,70.500,70,6,
Thu 11 Jan 2024 09:48:25 AM PST,38.121,85.375,70.187,70,6,
Thu 11 Jan 2024 09:48:35 AM PST,38.372,85.375,69.875,70,6,
Thu 11 Jan 2024 09:48:45 AM PST,38.725,85.437,69.500,70,6,
Thu 11 Jan 2024 09:48:55 AM PST,39.266,85.437,68.937,70,6,
Thu 11 Jan 2024 09:49:05 AM PST,40.183,85.375,69.312,70,6,
Thu 11 Jan 2024 09:49:15 AM PST,40.037,85.375,69.625,70,6,
Thu 11 Jan 2024 09:49:25 AM PST,39.849,85.437,69.875,70,6,
Thu 11 Jan 2024 09:49:35 AM PST,39.640,85.375,70.000,70,6,
Thu 11 Jan 2024 09:49:45 AM PST,39.515,85.375,70.250,70,6,
Thu 11 Jan 2024 09:49:55 AM PST,39.182,85.437,70.375,70,6,
Thu 11 Jan 2024 09:50:05 AM PST,38.932,85.375,70.500,70,6,
Thu 11 Jan 2024 09:50:15 AM PST,38.641,85.375,70.562,70,6,
Thu 11 Jan 2024 09:50:25 AM PST,38.392,85.437,70.500,70,6,
Thu 11 Jan 2024 09:50:35 AM PST,38.288,85.437,70.375,70,6,
Thu 11 Jan 2024 09:50:45 AM PST,38.288,85.375,70.187,70,6,
Thu 11 Jan 2024 09:50:55 AM PST,38.414,85.437,69.750,70,6,
Thu 11 Jan 2024 09:51:05 AM PST,38.934,85.437,69.125,70,6,
Thu 11 Jan 2024 09:51:15 AM PST,39.850,85.437,69.187,70,6,
Thu 11 Jan 2024 09:51:25 AM PST,40.059,85.437,69.125,70,6,
Thu 11 Jan 2024 09:51:35 AM PST,40.412,85.437,69.437,70,6,
Thu 11 Jan 2024 09:51:45 AM PST,40.287,85.437,69.750,70,6,
Thu 11 Jan 2024 09:51:55 AM PST,40.057,85.375,70.000,70,6,
Thu 11 Jan 2024 09:52:05 AM PST,39.807,85.437,70.000,70,6,
Thu 11 Jan 2024 09:52:15 AM PST,39.807,85.437,70.187,70,6,
Thu 11 Jan 2024 09:52:25 AM PST,39.558,85.437,70.437,70,6,
Thu 11 Jan 2024 09:52:35 AM PST,39.163,85.437,70.500,70,6,
Thu 11 Jan 2024 09:52:45 AM PST,38.934,85.437,70.562,70,6,
Thu 11 Jan 2024 09:52:55 AM PST,38.685,85.437,70.562,70,6,
Thu 11 Jan 2024 09:53:05 AM PST,38.498,85.437,70.562,70,6,
Thu 11 Jan 2024 09:53:15 AM PST,38.311,85.437,70.437,70,6,
Thu 11 Jan 2024 09:53:25 AM PST,38.291,85.500,70.312,70,6,
Thu 11 Jan 2024 09:53:35 AM PST,38.312,85.500,70.250,70,6,
Thu 11 Jan 2024 09:53:45 AM PST,38.291,85.437,70.125,70,6,
Thu 11 Jan 2024 09:53:55 AM PST,38.375,85.437,69.812,70,6,
Thu 11 Jan 2024 09:54:05 AM PST,38.750,85.500,69.812,70,6,
Thu 11 Jan 2024 09:54:15 AM PST,38.812,85.500,70.000,70,6,
Thu 11 Jan 2024 09:54:25 AM PST,38.624,85.500,69.937,70,6,
Thu 11 Jan 2024 09:54:35 AM PST,38.708,85.437,69.375,70,6,
Thu 11 Jan 2024 09:54:45 AM PST,39.478,85.500,69.500,70,6,
Thu 11 Jan 2024 09:54:55 AM PST,39.519,85.500,69.812,70,6,
Thu 11 Jan 2024 09:55:05 AM PST,39.269,85.500,70.125,70,6,
Thu 11 Jan 2024 09:55:15 AM PST,38.915,85.500,70.000,70,6,
Thu 11 Jan 2024 09:55:25 AM PST,39.040,85.500,70.125,70,6,
Thu 11 Jan 2024 09:55:35 AM PST,38.874,85.500,70.250,70,6,
Thu 11 Jan 2024 09:55:45 AM PST,38.666,85.500,69.875,70,6,
Thu 11 Jan 2024 09:55:55 AM PST,39.082,85.500,69.250,70,6,
Thu 11 Jan 2024 09:56:05 AM PST,39.957,85.500,69.375,70,6,
Thu 11 Jan 2024 09:56:15 AM PST,40.040,85.437,69.625,70,6,
Thu 11 Jan 2024 09:56:25 AM PST,39.915,85.500,69.812,70,6,
Thu 11 Jan 2024 09:56:35 AM PST,39.790,85.500,69.687,70,6,
Thu 11 Jan 2024 09:56:45 AM PST,40.019,85.500,69.687,70,6,
Thu 11 Jan 2024 09:56:55 AM PST,40.123,85.500,69.875,70,6,
Thu 11 Jan 2024 09:57:05 AM PST,39.976,85.500,69.937,70,6,
Thu 11 Jan 2024 09:57:15 AM PST,39.935,85.500,70.062,70,6,
Thu 11 Jan 2024 09:57:25 AM PST,39.790,85.500,70.187,70,6,
Thu 11 Jan 2024 09:57:35 AM PST,39.603,85.500,70.125,70,6,
Thu 11 Jan 2024 09:57:45 AM PST,39.624,85.500,70.250,70,6,
Thu 11 Jan 2024 09:57:55 AM PST,39.416,85.500,70.312,70,6,
Thu 11 Jan 2024 09:58:05 AM PST,39.250,85.500,70.375,70,6,
Thu 11 Jan 2024 09:58:15 AM PST,39.062,85.500,70.437,70,6,
Thu 11 Jan 2024 09:58:25 AM PST,38.855,85.500,70.312,70,6,
Thu 11 Jan 2024 09:58:35 AM PST,38.876,85.500,70.250,70,6,
Thu 11 Jan 2024 09:58:45 AM PST,38.855,85.500,70.375,70,6,
Thu 11 Jan 2024 09:58:55 AM PST,38.605,85.500,70.187,70,6,
Thu 11 Jan 2024 09:59:05 AM PST,38.731,85.562,70.187,70,6,
Thu 11 Jan 2024 09:59:15 AM PST,38.669,85.562,70.062,70,6,
Thu 11 Jan 2024 09:59:25 AM PST,38.774,85.500,69.687,70,6,
Thu 11 Jan 2024 09:59:35 AM PST,39.253,85.500,69.562,70,6,
Thu 11 Jan 2024 09:59:45 AM PST,39.524,85.500,69.750,70,6,
Thu 11 Jan 2024 09:59:55 AM PST,39.419,85.500,70.000,70,6,
Thu 11 Jan 2024 10:00:05 AM PST,39.169,85.500,70.312,70,6,
Thu 11 Jan 2024 10:00:15 AM PST,38.753,85.500,70.375,70,6,
Thu 11 Jan 2024 10:00:25 AM PST,38.565,85.500,70.437,70,6,
Thu 11 Jan 2024 10:00:35 AM PST,38.358,85.500,70.437,70,6,
Thu 11 Jan 2024 10:00:45 AM PST,38.213,85.500,70.375,70,6,
Thu 11 Jan 2024 10:00:55 AM PST,38.150,85.562,70.187,70,6,
Thu 11 Jan 2024 10:01:05 AM PST,38.276,85.500,70.187,70,6,
Thu 11 Jan 2024 10:01:15 AM PST,38.214,85.500,69.875,70,6,
Thu 11 Jan 2024 10:01:25 AM PST,38.567,85.500,69.312,70,6,
Thu 11 Jan 2024 10:01:35 AM PST,39.359,85.562,69.312,70,6,
Thu 11 Jan 2024 10:01:45 AM PST,39.588,85.562,69.625,70,6,
Thu 11 Jan 2024 10:01:55 AM PST,39.400,85.500,69.875,70,6,
Thu 11 Jan 2024 10:02:05 AM PST,39.191,85.500,69.937,70,6,
Thu 11 Jan 2024 10:02:15 AM PST,39.150,85.500,70.187,70,6,
Thu 11 Jan 2024 10:02:25 AM PST,38.838,85.500,70.250,70,6,
Thu 11 Jan 2024 10:02:35 AM PST,38.692,85.562,70.312,70,6,
Thu 11 Jan 2024 10:02:45 AM PST,38.526,85.500,70.250,70,6,
Thu 11 Jan 2024 10:02:55 AM PST,38.505,85.500,70.125,70,6,
Thu 11 Jan 2024 10:03:05 AM PST,38.589,85.500,69.875,70,6,
Thu 11 Jan 2024 10:03:15 AM PST,38.880,85.562,69.687,70,6,
Thu 11 Jan 2024 10:03:25 AM PST,39.172,85.500,69.875,70,6,
Thu 11 Jan 2024 10:03:35 AM PST,39.025,85.500,69.937,70,6,
Thu 11 Jan 2024 10:03:45 AM PST,38.984,85.500,70.187,70,6,
Thu 11 Jan 2024 10:03:55 AM PST,38.672,85.500,70.312,70,6,
Thu 11 Jan 2024 10:04:05 AM PST,38.443,85.500,70.375,70,6,
Thu 11 Jan 2024 10:04:15 AM PST,38.255,85.500,70.437,70,6,
Thu 11 Jan 2024 10:04:25 AM PST,38.048,85.500,70.125,70,6,
Thu 11 Jan 2024 10:04:35 AM PST,38.319,85.500,69.937,70,6,
Thu 11 Jan 2024 10:04:45 AM PST,38.528,85.500,70.000,70,6,
Thu 11 Jan 2024 10:04:55 AM PST,38.465,85.500,69.687,70,6,
Thu 11 Jan 2024 10:05:05 AM PST,38.882,85.500,69.375,70,6,
Thu 11 Jan 2024 10:05:15 AM PST,39.402,85.500,69.562,70,6,
Thu 11 Jan 2024 10:05:25 AM PST,39.361,85.500,69.687,70,6,
Thu 11 Jan 2024 10:05:35 AM PST,39.340,85.500,69.812,70,6,
Thu 11 Jan 2024 10:05:45 AM PST,39.277,85.500,70.000,70,6,
Thu 11 Jan 2024 10:05:55 AM PST,39.089,85.500,70.125,70,6,
Thu 11 Jan 2024 10:06:05 AM PST,38.923,85.500,70.062,70,6,
Thu 11 Jan 2024 10:06:15 AM PST,38.966,85.500,69.937,70,6,
Thu 11 Jan 2024 10:06:25 AM PST,39.112,85.500,69.625,70,6,
Thu 11 Jan 2024 10:06:35 AM PST,39.549,85.500,69.687,70,6,
Thu 11 Jan 2024 10:06:45 AM PST,39.591,85.500,69.625,70,6,
Thu 11 Jan 2024 10:06:55 AM PST,39.778,85.500,69.750,70,6,
Thu 11 Jan 2024 10:07:05 AM PST,39.736,85.562,69.812,70,6,
Thu 11 Jan 2024 10:07:15 AM PST,39.736,85.500,69.687,70,6,
Thu 11 Jan 2024 10:07:25 AM PST,39.965,85.500,69.812,70,6,
Thu 11 Jan 2024 10:07:35 AM PST,39.902,85.500,69.937,70,6,
Thu 11 Jan 2024 10:07:45 AM PST,39.798,85.500,70.062,70,6,
Thu 11 Jan 2024 10:07:55 AM PST,39.653,85.500,70.125,70,6,
Thu 11 Jan 2024 10:08:05 AM PST,39.549,85.500,70.312,70,6,
Thu 11 Jan 2024 10:08:15 AM PST,39.258,85.500,70.500,70,6,
Thu 11 Jan 2024 10:08:25 AM PST,38.904,85.500,70.437,70,6,
Thu 11 Jan 2024 10:08:35 AM PST,38.822,85.500,70.437,70,6,
Thu 11 Jan 2024 10:08:45 AM PST,38.677,85.500,70.187,70,6,
Thu 11 Jan 2024 10:08:55 AM PST,38.865,85.500,69.437,70,6,
Thu 11 Jan 2024 10:09:05 AM PST,39.802,85.500,69.625,70,6,
Thu 11 Jan 2024 10:09:15 AM PST,39.739,85.500,69.812,70,6,
Thu 11 Jan 2024 10:09:25 AM PST,39.614,85.562,69.812,70,6,
Thu 11 Jan 2024 10:09:35 AM PST,39.676,85.562,69.937,70,6,
Thu 11 Jan 2024 10:09:45 AM PST,39.572,85.562,69.750,70,6,
Thu 11 Jan 2024 10:09:55 AM PST,39.842,85.562,69.750,70,6,
Thu 11 Jan 2024 10:10:05 AM PST,39.925,85.562,69.875,70,6,
Thu 11 Jan 2024 10:10:15 AM PST,39.841,85.562,69.875,70,6,
Thu 11 Jan 2024 10:10:25 AM PST,39.882,85.562,70.000,70,6,
Thu 11 Jan 2024 10:10:35 AM PST,39.757,85.562,70.125,70,6,
Thu 11 Jan 2024 10:10:45 AM PST,39.591,85.562,70.062,70,6,
Thu 11 Jan 2024 10:10:55 AM PST,39.634,85.562,70.187,70,6,
Thu 11 Jan 2024 10:11:05 AM PST,39.447,85.562,70.062,70,6,
Thu 11 Jan 2024 10:11:15 AM PST,39.552,85.562,70.125,70,6,
Thu 11 Jan 2024 10:11:25 AM PST,39.448,85.562,70.187,70,6,
Thu 11 Jan 2024 10:11:35 AM PST,39.324,85.562,70.187,70,6,
Thu 11 Jan 2024 10:11:45 AM PST,39.262,85.562,70.312,70,6,
Thu 11 Jan 2024 10:11:55 AM PST,39.033,85.562,70.500,70,6,
Thu 11 Jan 2024 10:12:05 AM PST,38.679,85.562,70.500,70,6,
Thu 11 Jan 2024 10:12:15 AM PST,38.513,85.562,70.500,70,6,
Thu 11 Jan 2024 10:12:25 AM PST,38.347,85.562,70.187,70,6,
Thu 11 Jan 2024 10:12:35 AM PST,38.598,85.562,70.000,70,6,
Thu 11 Jan 2024 10:12:45 AM PST,38.785,85.562,69.625,70,6,
Thu 11 Jan 2024 10:12:55 AM PST,39.285,85.562,69.250,70,6,
Thu 11 Jan 2024 10:13:05 AM PST,39.910,85.562,69.187,70,6,
Thu 11 Jan 2024 10:13:15 AM PST,40.244,85.562,69.562,70,6,
Thu 11 Jan 2024 10:13:25 AM PST,40.015,85.562,69.562,70,6,
Thu 11 Jan 2024 10:13:35 AM PST,40.161,85.562,69.812,70,6,
Thu 11 Jan 2024 10:13:45 AM PST,39.973,85.562,69.750,70,6,
Thu 11 Jan 2024 10:13:55 AM PST,40.118,85.562,69.812,70,6,
Thu 11 Jan 2024 10:14:05 AM PST,40.118,85.562,69.875,70,6,
Thu 11 Jan 2024 10:14:15 AM PST,40.096,85.562,69.812,70,6,
Thu 11 Jan 2024 10:14:25 AM PST,40.221,85.562,70.000,70,6,
Thu 11 Jan 2024 10:14:35 AM PST,40.033,85.562,70.000,70,6,
Thu 11 Jan 2024 10:14:45 AM PST,40.033,85.562,70.062,70,6,
Thu 11 Jan 2024 10:14:55 AM PST,39.951,85.562,70.062,70,6,
Thu 11 Jan 2024 10:15:05 AM PST,39.931,85.562,70.062,70,6,
Thu 11 Jan 2024 10:15:15 AM PST,39.911,85.562,70.250,70,6,
Thu 11 Jan 2024 10:15:25 AM PST,39.640,85.562,70.375,70,6,
Thu 11 Jan 2024 10:15:35 AM PST,39.390,85.562,70.312,70,6,
Thu 11 Jan 2024 10:15:45 AM PST,39.349,85.562,70.312,70,6,
Thu 11 Jan 2024 10:15:55 AM PST,39.245,85.562,70.187,70,6,
Thu 11 Jan 2024 10:16:05 AM PST,39.308,85.562,70.312,70,6,
Thu 11 Jan 2024 10:16:15 AM PST,39.079,85.562,70.375,70,6,
Thu 11 Jan 2024 10:16:25 AM PST,38.891,85.562,70.437,70,6,
Thu 11 Jan 2024 10:16:35 AM PST,38.684,85.562,70.312,70,6,
Thu 11 Jan 2024 10:16:45 AM PST,38.705,85.562,69.812,70,6,
Thu 11 Jan 2024 10:16:55 AM PST,39.267,85.625,69.125,70,6,
Thu 11 Jan 2024 10:17:05 AM PST,40.245,85.625,69.000,70,6,
Thu 11 Jan 2024 10:17:15 AM PST,40.703,85.625,69.375,70,6,
Thu 11 Jan 2024 10:17:25 AM PST,40.536,85.562,69.562,70,6,
Thu 11 Jan 2024 10:17:35 AM PST,40.495,85.625,69.812,70,6,
Thu 11 Jan 2024 10:17:45 AM PST,40.307,85.625,70.187,70,6,
Thu 11 Jan 2024 10:17:55 AM PST,39.870,85.625,70.437,70,6,
Thu 11 Jan 2024 10:18:05 AM PST,39.475,85.625,70.687,70,6,
Thu 11 Jan 2024 10:18:15 AM PST,38.996,85.625,70.562,70,6,
Thu 11 Jan 2024 10:18:25 AM PST,38.934,85.625,70.375,70,6,
Thu 11 Jan 2024 10:18:35 AM PST,38.996,85.625,70.312,70,6,
Thu 11 Jan 2024 10:18:45 AM PST,38.955,85.625,70.375,70,6,
Thu 11 Jan 2024 10:18:55 AM PST,38.767,85.625,70.375,70,6,
Thu 11 Jan 2024 10:19:05 AM PST,38.642,85.625,70.375,70,6,
Thu 11 Jan 2024 10:19:15 AM PST,38.517,85.625,69.875,70,6,
Thu 11 Jan 2024 10:19:25 AM PST,39.058,85.625,68.937,70,6,
Thu 11 Jan 2024 10:19:35 AM PST,40.350,85.625,69.125,70,6,
Thu 11 Jan 2024 10:19:45 AM PST,40.453,85.625,69.562,70,6,
Thu 11 Jan 2024 10:19:55 AM PST,40.162,85.625,69.937,70,6,
Thu 11 Jan 2024 10:20:05 AM PST,39.808,85.625,70.187,70,6,
Thu 11 Jan 2024 10:20:15 AM PST,39.496,85.625,70.312,70,6,
Thu 11 Jan 2024 10:20:25 AM PST,39.267,85.625,70.500,70,6,
Thu 11 Jan 2024 10:20:35 AM PST,38.913,85.625,70.500,70,6,
Thu 11 Jan 2024 10:20:45 AM PST,38.747,85.625,70.437,70,6,
Thu 11 Jan 2024 10:20:55 AM PST,38.665,85.625,69.937,70,6,
Thu 11 Jan 2024 10:21:05 AM PST,39.186,85.625,69.500,70,6,
Thu 11 Jan 2024 10:21:15 AM PST,39.789,85.625,69.625,70,6,
Thu 11 Jan 2024 10:21:25 AM PST,39.789,85.625,69.812,70,6,
Thu 11 Jan 2024 10:21:35 AM PST,39.664,85.625,70.000,70,6,
Thu 11 Jan 2024 10:21:45 AM PST,39.476,85.625,69.937,70,6,
Thu 11 Jan 2024 10:21:55 AM PST,39.560,85.625,70.000,70,6,
Thu 11 Jan 2024 10:22:05 AM PST,39.497,85.687,70.312,70,6,
Thu 11 Jan 2024 10:22:15 AM PST,39.081,85.687,70.437,70,6,
Thu 11 Jan 2024 10:22:25 AM PST,38.811,85.625,70.562,70,6,
Thu 11 Jan 2024 10:22:35 AM PST,38.499,85.625,70.687,70,6,
Thu 11 Jan 2024 10:22:45 AM PST,38.145,85.625,70.437,70,6,
Thu 11 Jan 2024 10:22:55 AM PST,38.250,85.625,69.812,70,6,100
Thu 11 Jan 2024 10:23:05 AM PST,38.937,85.625,69.125,70,6,
Thu 11 Jan 2024 10:23:15 AM PST,39.915,85.625,68.750,70,6,
Thu 11 Jan 2024 10:23:25 AM PST,40.706,85.625,69.375,70,6,
Thu 11 Jan 2024 10:23:35 AM PST,40.289,85.625,69.562,70,6,
Thu 11 Jan 2024 10:23:45 AM PST,40.248,85.625,69.687,70,6,
Thu 11 Jan 2024 10:23:55 AM PST,40.227,85.625,69.937,70,6,
Thu 11 Jan 2024 10:24:05 AM PST,39.998,85.687,70.250,70,6,
Thu 11 Jan 2024 10:24:15 AM PST,39.602,85.625,70.437,70,6,
Thu 11 Jan 2024 10:24:25 AM PST,39.270,85.625,70.500,70,6,
Thu 11 Jan 2024 10:24:35 AM PST,39.041,85.687,70.625,70,6,
Thu 11 Jan 2024 10:24:45 AM PST,38.708,85.687,70.687,70,6,
Thu 11 Jan 2024 10:24:55 AM PST,38.417,85.687,70.750,70,6,
Thu 11 Jan 2024 10:25:05 AM PST,38.104,85.687,70.125,70,6,
Thu 11 Jan 2024 10:25:15 AM PST,38.688,85.687,70.000,70,6,
Thu 11 Jan 2024 10:25:25 AM PST,38.813,85.625,69.687,70,6,
Thu 11 Jan 2024 10:25:35 AM PST,39.230,85.625,69.500,70,6,
Thu 11 Jan 2024 10:25:45 AM PST,39.583,85.625,69.625,70,6,
Thu 11 Jan 2024 10:25:55 AM PST,39.583,85.625,69.625,70,6,
Thu 11 Jan 2024 10:26:05 AM PST,39.708,85.687,69.625,70,6,
Thu 11 Jan 2024 10:26:15 AM PST,39.833,85.687,69.625,70,6,
Thu 11 Jan 2024 10:26:25 AM PST,39.958,85.687,69.812,70,6,
Thu 11 Jan 2024 10:26:35 AM PST,39.833,85.687,70.000,70,6,
Thu 11 Jan 2024 10:26:45 AM PST,39.645,85.687,70.062,70,6,
Thu 11 Jan 2024 10:26:55 AM PST,39.563,85.625,70.062,70,6,
Thu 11 Jan 2024 10:27:05 AM PST,39.543,85.625,70.000,70,6,
Thu 11 Jan 2024 10:27:15 AM PST,39.605,85.625,69.875,70,6,
Thu 11 Jan 2024 10:27:25 AM PST,39.771,85.687,70.062,70,6,
Thu 11 Jan 2024 10:27:35 AM PST,39.564,85.687,70.125,70,6,
Thu 11 Jan 2024 10:27:45 AM PST,39.460,85.687,70.062,70,6,
Thu 11 Jan 2024 10:27:55 AM PST,39.503,85.625,69.937,70,6,
Thu 11 Jan 2024 10:28:05 AM PST,39.649,85.687,69.687,70,6,
Thu 11 Jan 2024 10:28:15 AM PST,40.003,85.687,69.937,70,6,
Thu 11 Jan 2024 10:28:25 AM PST,39.774,85.625,70.125,70,6,
Thu 11 Jan 2024 10:28:35 AM PST,39.545,85.687,70.187,70,6,
Thu 11 Jan 2024 10:28:45 AM PST,39.421,85.687,70.375,70,6,
Thu 11 Jan 2024 10:28:55 AM PST,39.108,85.687,70.312,70,6,
Thu 11 Jan 2024 10:29:05 AM PST,39.067,85.687,70.375,70,6,
Thu 11 Jan 2024 10:29:15 AM PST,38.879,85.687,70.437,70,6,
Thu 11 Jan 2024 10:29:25 AM PST,38.672,85.687,69.937,70,6,
Thu 11 Jan 2024 10:29:35 AM PST,39.193,85.687,68.437,70,6,
Thu 11 Jan 2024 10:29:45 AM PST,41.214,85.687,67.625,70,6,
Thu 11 Jan 2024 10:29:55 AM PST,42.817,85.687,68.000,70,6,
Thu 11 Jan 2024 10:30:05 AM PST,43.108,85.687,68.812,70,6,
Thu 11 Jan 2024 10:30:15 AM PST,42.692,85.687,69.625,70,6,
Thu 11 Jan 2024 10:30:25 AM PST,42.004,85.687,70.125,70,6,
Thu 11 Jan 2024 10:30:35 AM PST,41.463,85.687,70.437,70,6,
Thu 11 Jan 2024 10:30:45 AM PST,41.006,85.750,70.687,70,6,
Thu 11 Jan 2024 10:30:55 AM PST,40.527,85.687,70.937,70,6,
Thu 11 Jan 2024 10:31:05 AM PST,39.965,85.687,71.000,70,6,
Thu 11 Jan 2024 10:31:15 AM PST,39.569,85.687,71.062,70,6,
Thu 11 Jan 2024 10:31:25 AM PST,39.153,85.687,70.875,70,6,
Thu 11 Jan 2024 10:31:35 AM PST,39.049,85.687,70.937,70,6,
Thu 11 Jan 2024 10:31:45 AM PST,38.675,85.687,70.875,70,6,
Thu 11 Jan 2024 10:31:55 AM PST,38.446,85.687,70.812,70,6,
Thu 11 Jan 2024 10:32:05 AM PST,38.239,85.687,70.562,70,6,
Thu 11 Jan 2024 10:32:15 AM PST,38.302,85.687,70.250,70,6,
Thu 11 Jan 2024 10:32:25 AM PST,38.531,85.687,70.000,70,6,
Thu 11 Jan 2024 10:32:35 AM PST,38.781,85.687,70.062,70,6,
Thu 11 Jan 2024 10:32:45 AM PST,38.699,85.687,69.625,70,6,
Thu 11 Jan 2024 10:32:55 AM PST,39.261,85.687,68.812,70,6,
Thu 11 Jan 2024 10:33:05 AM PST,40.470,85.687,68.125,70,6,
Thu 11 Jan 2024 10:33:15 AM PST,41.782,85.687,68.750,70,6,
Thu 11 Jan 2024 10:33:25 AM PST,41.573,85.687,69.375,70,6,
Thu 11 Jan 2024 10:33:35 AM PST,41.156,85.687,69.937,70,6,
Thu 11 Jan 2024 10:33:45 AM PST,40.615,85.687,70.312,70,6,
Thu 11 Jan 2024 10:33:55 AM PST,40.136,85.687,70.375,70,6,
Thu 11 Jan 2024 10:34:05 AM PST,39.948,85.687,70.625,70,6,
Thu 11 Jan 2024 10:34:15 AM PST,39.490,85.687,70.687,70,6,
Thu 11 Jan 2024 10:34:25 AM PST,39.199,85.687,70.500,70,6,
Thu 11 Jan 2024 10:34:35 AM PST,39.220,85.750,70.437,70,6,
Thu 11 Jan 2024 10:34:45 AM PST,39.138,85.750,70.062,70,6,
Thu 11 Jan 2024 10:34:55 AM PST,39.493,85.750,69.812,70,6,
Thu 11 Jan 2024 10:35:05 AM PST,39.805,85.750,69.875,70,6,
Thu 11 Jan 2024 10:35:15 AM PST,39.783,85.687,69.250,70,6,
Thu 11 Jan 2024 10:35:25 AM PST,40.658,85.687,68.187,70,6,
Thu 11 Jan 2024 10:35:35 AM PST,42.325,85.750,68.500,70,6,
Thu 11 Jan 2024 10:35:45 AM PST,42.512,85.687,69.312,70,6,
Thu 11 Jan 2024 10:35:55 AM PST,41.929,85.750,69.937,70,6,
Thu 11 Jan 2024 10:36:05 AM PST,41.325,85.750,70.375,70,6,
Thu 11 Jan 2024 10:36:15 AM PST,40.762,85.750,70.375,70,6,
Thu 11 Jan 2024 10:36:25 AM PST,40.637,85.750,70.750,70,6,
Thu 11 Jan 2024 10:36:35 AM PST,40.012,85.750,70.937,70,6,
Thu 11 Jan 2024 10:36:45 AM PST,39.513,85.750,70.937,70,6,
Thu 11 Jan 2024 10:36:55 AM PST,39.201,85.750,70.937,70,6,
Thu 11 Jan 2024 10:37:05 AM PST,38.889,85.750,71.000,70,6,
Thu 11 Jan 2024 10:37:15 AM PST,38.493,85.750,70.937,70,6,
Thu 11 Jan 2024 10:37:25 AM PST,38.244,85.750,70.937,70,6,
Thu 11 Jan 2024 10:37:35 AM PST,37.932,85.750,70.750,70,6,
Thu 11 Jan 2024 10:37:45 AM PST,37.869,85.750,70.062,70,6,
Thu 11 Jan 2024 10:37:55 AM PST,38.537,85.750,68.937,70,6,
Thu 11 Jan 2024 10:38:05 AM PST,40.016,85.750,68.187,70,6,
Thu 11 Jan 2024 10:38:15 AM PST,41.370,85.750,68.062,70,6,
Thu 11 Jan 2024 10:38:25 AM PST,42.141,85.750,68.375,70,6,
Thu 11 Jan 2024 10:38:35 AM PST,42.369,85.750,69.125,70,6,
Thu 11 Jan 2024 10:38:45 AM PST,41.910,85.750,69.750,70,6,
Thu 11 Jan 2024 10:38:55 AM PST,41.368,85.750,70.187,70,6,
Thu 11 Jan 2024 10:39:05 AM PST,40.869,85.750,70.562,70,6,
Thu 11 Jan 2024 10:39:15 AM PST,40.307,85.750,70.812,70,6,
Thu 11 Jan 2024 10:39:25 AM PST,39.787,85.750,70.812,70,6,
Thu 11 Jan 2024 10:39:35 AM PST,39.517,85.750,70.875,70,6,
Thu 11 Jan 2024 10:39:45 AM PST,39.163,85.812,70.687,70,6,
Thu 11 Jan 2024 10:39:55 AM PST,39.122,85.750,70.437,70,6,
Thu 11 Jan 2024 10:40:05 AM PST,39.227,85.750,70.437,70,6,
Thu 11 Jan 2024 10:40:15 AM PST,39.082,85.812,70.500,70,6,
Thu 11 Jan 2024 10:40:25 AM PST,38.853,85.812,70.375,70,6,
Thu 11 Jan 2024 10:40:35 AM PST,38.853,85.750,70.375,70,6,
Thu 11 Jan 2024 10:40:45 AM PST,38.728,85.750,69.937,70,6,
Thu 11 Jan 2024 10:40:55 AM PST,39.187,85.812,69.687,70,6,
Thu 11 Jan 2024 10:41:05 AM PST,39.541,85.812,69.562,70,6,
Thu 11 Jan 2024 10:41:15 AM PST,39.812,85.812,69.750,70,6,
Thu 11 Jan 2024 10:41:25 AM PST,39.707,85.812,69.687,70,6,
Thu 11 Jan 2024 10:41:35 AM PST,39.874,85.812,69.625,70,6,
Thu 11 Jan 2024 10:41:45 AM PST,40.061,85.812,69.187,70,6,
Thu 11 Jan 2024 10:41:55 AM PST,40.770,85.750,69.125,70,6,
Thu 11 Jan 2024 10:42:05 AM PST,41.123,85.812,69.375,70,6,
Thu 11 Jan 2024 10:42:15 AM PST,41.081,85.812,69.625,70,6,
Thu 11 Jan 2024 10:42:25 AM PST,40.956,85.812,70.000,70,6,
Thu 11 Jan 2024 10:42:35 AM PST,40.581,85.812,70.375,70,6,
Thu 11 Jan 2024 10:42:45 AM PST,40.081,85.812,70.625,70,6,
Thu 11 Jan 2024 10:42:55 AM PST,39.623,85.812,70.750,70,6,
Thu 11 Jan 2024 10:43:05 AM PST,39.248,85.812,70.687,70,6,
Thu 11 Jan 2024 10:43:15 AM PST,39.082,85.812,70.750,70,6,
Thu 11 Jan 2024 10:43:25 AM PST,38.769,85.812,70.875,70,6,
Thu 11 Jan 2024 10:43:35 AM PST,38.353,85.812,70.875,70,6,
Thu 11 Jan 2024 10:43:45 AM PST,38.062,85.812,70.750,70,6,
Thu 11 Jan 2024 10:43:55 AM PST,37.937,85.812,70.687,70,6,
Thu 11 Jan 2024 10:44:05 AM PST,37.771,85.812,70.500,70,6,
Thu 11 Jan 2024 10:44:15 AM PST,37.792,85.812,70.187,70,6,
Thu 11 Jan 2024 10:44:25 AM PST,38.043,85.812,69.812,70,6,
Thu 11 Jan 2024 10:44:35 AM PST,38.480,85.812,69.562,70,6,
Thu 11 Jan 2024 10:44:45 AM PST,38.876,85.812,69.062,70,6,
Thu 11 Jan 2024 10:44:55 AM PST,39.688,85.875,69.187,70,6,
Thu 11 Jan 2024 10:45:05 AM PST,39.834,85.812,69.562,70,6,
Thu 11 Jan 2024 10:45:15 AM PST,39.605,85.812,69.750,70,6,
Thu 11 Jan 2024 10:45:25 AM PST,39.500,85.875,69.437,70,6,
Thu 11 Jan 2024 10:45:35 AM PST,40.000,85.812,69.375,70,6,
Thu 11 Jan 2024 10:45:45 AM PST,40.270,85.812,69.500,70,6,
Thu 11 Jan 2024 10:45:55 AM PST,40.311,85.812,69.750,70,6,
Thu 11 Jan 2024 10:46:05 AM PST,40.144,85.812,70.000,70,6,
Thu 11 Jan 2024 10:46:15 AM PST,39.894,85.812,70.000,70,6,
Thu 11 Jan 2024 10:46:25 AM PST,39.894,85.812,70.000,70,6,
Thu 11 Jan 2024 10:46:35 AM PST,39.894,85.812,69.812,70,6,
Thu 11 Jan 2024 10:46:45 AM PST,40.144,85.875,70.125,70,6,
Thu 11 Jan 2024 10:46:55 AM PST,39.790,85.875,70.062,70,6,
Thu 11 Jan 2024 10:47:05 AM PST,39.833,85.875,70.125,70,6,
Thu 11 Jan 2024 10:47:15 AM PST,39.729,85.875,70.312,70,6,
Thu 11 Jan 2024 10:47:25 AM PST,39.438,85.875,70.125,70,6,
Thu 11 Jan 2024 10:47:35 AM PST,39.584,85.875,70.062,70,6,
Thu 11 Jan 2024 10:47:45 AM PST,39.627,85.875,70.125,70,6,
Thu 11 Jan 2024 10:47:55 AM PST,39.523,85.875,70.000,70,6,
Thu 11 Jan 2024 10:48:05 AM PST,39.648,85.875,70.062,70,6,
Thu 11 Jan 2024 10:48:15 AM PST,39.566,85.875,70.062,70,6,
Thu 11 Jan 2024 10:48:25 AM PST,39.546,85.875,70.125,70,6,
Thu 11 Jan 2024 10:48:35 AM PST,39.442,85.875,70.250,70,6,
Thu 11 Jan 2024 10:48:45 AM PST,39.234,85.875,70.312,70,6,
Thu 11 Jan 2024 10:48:55 AM PST,39.068,85.875,70.437,70,6,
Thu 11 Jan 2024 10:49:05 AM PST,38.798,85.875,70.375,70,6,150
Thu 11 Jan 2024 10:49:15 AM PST,38.735,85.875,69.937,70,6,
Thu 11 Jan 2024 10:49:25 AM PST,39.194,85.875,69.937,70,6,
Thu 11 Jan 2024 10:49:35 AM PST,39.215,85.875,70.125,70,6,
Thu 11 Jan 2024 10:49:45 AM PST,38.986,85.875,70.000,70,6,
Thu 11 Jan 2024 10:49:55 AM PST,39.111,85.875,70.125,70,6,
Thu 11 Jan 2024 10:50:05 AM PST,38.945,85.937,70.187,70,6,
Thu 11 Jan 2024 10:50:15 AM PST,38.821,85.875,69.875,70,6,
Thu 11 Jan 2024 10:50:25 AM PST,39.174,85.875,69.937,70,6,
Thu 11 Jan 2024 10:50:35 AM PST,39.133,85.937,70.125,70,6,
Thu 11 Jan 2024 10:50:45 AM PST,38.904,85.937,70.125,70,6,
Thu 11 Jan 2024 10:50:55 AM PST,38.863,85.937,69.812,70,6,
Thu 11 Jan 2024 10:51:05 AM PST,39.238,85.875,69.937,70,6,
Thu 11 Jan 2024 10:51:15 AM PST,39.134,85.937,70.125,70,6,
Thu 11 Jan 2024 10:51:25 AM PST,38.905,85.937,70.375,70,6,
Thu 11 Jan 2024 10:51:35 AM PST,38.530,85.937,70.562,70,6,
Thu 11 Jan 2024 10:51:45 AM PST,38.156,85.937,70.437,70,6,
Thu 11 Jan 2024 10:51:55 AM PST,38.136,85.937,69.687,70,6,
Thu 11 Jan 2024 10:52:05 AM PST,38.990,85.875,68.750,70,6,
Thu 11 Jan 2024 10:52:15 AM PST,40.343,85.937,68.250,70,6,
Thu 11 Jan 2024 10:52:25 AM PST,41.426,85.937,68.562,70,6,
Thu 11 Jan 2024 10:52:35 AM PST,41.593,85.937,69.125,70,6,
Thu 11 Jan 2024 10:52:45 AM PST,41.321,85.937,69.062,70,6,
Thu 11 Jan 2024 10:52:55 AM PST,41.696,85.937,69.500,70,6,
Thu 11 Jan 2024 10:53:05 AM PST,41.424,85.937,69.687,70,6,
Thu 11 Jan 2024 10:53:15 AM PST,41.341,85.937,70.125,70,6,
Thu 11 Jan 2024 10:53:25 AM PST,40.862,85.937,70.437,70,6,
Thu 11 Jan 2024 10:53:35 AM PST,40.405,85.937,70.625,70,6,
Thu 11 Jan 2024 10:53:45 AM PST,40.009,85.937,70.750,70,6,
Thu 11 Jan 2024 10:53:55 AM PST,39.634,85.937,70.750,70,6,
Thu 11 Jan 2024 10:54:05 AM PST,39.384,85.937,70.875,70,6,
Thu 11 Jan 2024 10:54:15 AM PST,38.968,85.937,70.812,70,6,
Thu 11 Jan 2024 10:54:25 AM PST,38.761,85.937,70.687,70,6,
Thu 11 Jan 2024 10:54:35 AM PST,38.657,85.937,70.312,70,6,
Thu 11 Jan 2024 10:54:45 AM PST,38.928,85.937,70.062,70,6,
Thu 11 Jan 2024 10:54:55 AM PST,39.158,85.937,70.375,70,6,
Thu 11 Jan 2024 10:55:05 AM PST,38.720,85.937,70.562,70,6,
Thu 11 Jan 2024 10:55:15 AM PST,38.346,85.937,70.500,70,6,
Thu 11 Jan 2024 10:55:25 AM PST,38.242,85.937,69.937,70,6,
Thu 11 Jan 2024 10:55:35 AM PST,38.826,85.937,69.625,70,6,
Thu 11 Jan 2024 10:55:45 AM PST,39.263,85.937,69.500,70,6,
Thu 11 Jan 2024 10:55:55 AM PST,39.554,85.937,70.000,70,6,
Thu 11 Jan 2024 10:56:05 AM PST,39.054,85.937,70.062,70,6,
Thu 11 Jan 2024 10:56:15 AM PST,38.972,86.000,70.187,70,6,
Thu 11 Jan 2024 10:56:25 AM PST,38.785,85.937,70.062,70,6,
Thu 11 Jan 2024 10:56:39 AM PST,38.890,86.000,69.937,70,7,0
Thu 11 Jan 2024 10:56:50 AM PST,39.036,85.937,70.125,70,7,
Thu 11 Jan 2024 10:57:00 AM PST,38.807,86.000,70.250,71,7,
Thu 11 Jan 2024 10:57:10 AM PST,38.932,86.000,70.375,71,7,
Thu 11 Jan 2024 10:57:20 AM PST,39.015,85.937,70.312,71,7,
Thu 11 Jan 2024 10:57:30 AM PST,39.307,86.000,70.125,71,7,
Thu 11 Jan 2024 10:57:40 AM PST,39.785,86.000,70.312,71,7,
Thu 11 Jan 2024 10:57:50 AM PST,39.827,86.000,70.250,71,7,
Thu 11 Jan 2024 10:58:00 AM PST,40.139,86.000,70.500,71,7,
Thu 11 Jan 2024 10:58:10 AM PST,40.055,85.937,70.562,71,7,
Thu 11 Jan 2024 10:58:20 AM PST,40.139,86.000,70.687,71,7,
Thu 11 Jan 2024 10:58:30 AM PST,40.118,86.000,70.750,71,7,
Thu 11 Jan 2024 10:58:40 AM PST,40.138,86.000,70.875,71,7,
Thu 11 Jan 2024 10:58:50 AM PST,40.054,86.000,70.937,71,7,
Thu 11 Jan 2024 10:59:00 AM PST,40.013,86.000,70.875,71,7,
Thu 11 Jan 2024 10:59:10 AM PST,40.116,86.000,70.937,71,7,
Thu 11 Jan 2024 10:59:20 AM PST,40.075,86.000,70.875,71,7,
Thu 11 Jan 2024 10:59:30 AM PST,40.178,86.000,70.937,71,7,
Thu 11 Jan 2024 10:59:40 AM PST,40.137,86.000,70.937,71,7,
Thu 11 Jan 2024 10:59:50 AM PST,40.158,86.000,71.000,71,7,
Thu 11 Jan 2024 11:00:00 AM PST,40.095,86.000,71.125,71,7,
Thu 11 Jan 2024 11:00:10 AM PST,39.929,86.000,71.250,71,7,
Thu 11 Jan 2024 11:00:20 AM PST,39.721,86.000,71.312,71,7,
Thu 11 Jan 2024 11:00:30 AM PST,39.555,86.000,71.312,71,7,
Thu 11 Jan 2024 11:00:40 AM PST,39.451,86.000,71.312,71,7,
Thu 11 Jan 2024 11:00:50 AM PST,39.347,86.000,71.250,71,7,
Thu 11 Jan 2024 11:01:00 AM PST,39.326,86.000,71.312,71,7,
Thu 11 Jan 2024 11:01:10 AM PST,39.160,86.062,71.312,71,7,
Thu 11 Jan 2024 11:01:20 AM PST,39.056,86.062,71.312,71,7,
Thu 11 Jan 2024 11:01:30 AM PST,38.952,86.000,71.312,71,7,
Thu 11 Jan 2024 11:01:40 AM PST,38.848,86.000,71.312,71,7,
Thu 11 Jan 2024 11:01:50 AM PST,38.744,86.000,71.375,71,7,
Thu 11 Jan 2024 11:02:00 AM PST,38.556,86.000,71.375,71,7,
Thu 11 Jan 2024 11:02:10 AM PST,38.431,86.000,71.312,71,7,
Thu 11 Jan 2024 11:02:20 AM PST,38.390,86.000,70.937,71,7,
Thu 11 Jan 2024 11:02:30 AM PST,38.786,86.000,70.812,71,7,
Thu 11 Jan 2024 11:02:40 AM PST,38.973,86.000,70.812,71,7,
Thu 11 Jan 2024 11:02:50 AM PST,39.035,86.000,70.875,71,7,
Thu 11 Jan 2024 11:03:00 AM PST,39.013,86.000,71.000,71,7,
Thu 11 Jan 2024 11:03:10 AM PST,38.888,86.000,71.062,71,7,
Thu 11 Jan 2024 11:03:20 AM PST,38.806,86.062,71.062,71,7,
Thu 11 Jan 2024 11:03:30 AM PST,38.786,86.000,71.062,71,7,
Thu 11 Jan 2024 11:03:40 AM PST,38.766,86.062,71.000,71,7,
Thu 11 Jan 2024 11:03:50 AM PST,38.828,86.062,70.562,71,7,
Thu 11 Jan 2024 11:04:00 AM PST,39.412,86.000,70.437,71,7,
Thu 11 Jan 2024 11:04:10 AM PST,39.724,86.000,70.625,71,7,
Thu 11 Jan 2024 11:04:20 AM PST,39.661,86.000,70.687,71,7,
Thu 11 Jan 2024 11:04:30 AM PST,39.703,86.000,70.812,71,7,
Thu 11 Jan 2024 11:04:40 AM PST,39.640,86.000,71.000,71,7,
Thu 11 Jan 2024 11:04:50 AM PST,39.452,86.000,71.000,71,7,
Thu 11 Jan 2024 11:05:00 AM PST,39.452,86.000,70.812,71,7,
Thu 11 Jan 2024 11:05:10 AM PST,39.702,86.062,70.937,71,7,
Thu 11 Jan 2024 11:05:20 AM PST,39.598,86.000,71.062,71,7,
Thu 11 Jan 2024 11:05:30 AM PST,39.453,86.062,71.062,71,7,
Thu 11 Jan 2024 11:05:40 AM PST,39.433,86.062,70.875,71,7,
Thu 11 Jan 2024 11:05:50 AM PST,39.661,86.000,70.937,71,7,
Thu 11 Jan 2024 11:06:00 AM PST,39.620,86.062,70.937,71,7,
Thu 11 Jan 2024 11:06:10 AM PST,39.641,86.062,70.937,71,7,
Thu 11 Jan 2024 11:06:20 AM PST,39.662,86.062,70.937,71,7,
Thu 11 Jan 2024 11:06:30 AM PST,39.683,86.062,71.062,71,7,
Thu 11 Jan 2024 11:06:40 AM PST,39.538,86.062,71.187,71,7,
Thu 11 Jan 2024 11:06:50 AM PST,39.351,86.000,71.062,71,7,
Thu 11 Jan 2024 11:07:00 AM PST,39.456,86.062,71.062,71,7,
Thu 11 Jan 2024 11:07:10 AM PST,39.436,86.062,71.125,71,7,
Thu 11 Jan 2024 11:07:20 AM PST,39.332,86.062,71.062,71,7,
Thu 11 Jan 2024 11:07:30 AM PST,39.375,86.062,70.937,71,7,
Thu 11 Jan 2024 11:07:40 AM PST,39.521,86.062,70.812,71,7,
Thu 11 Jan 2024 11:07:50 AM PST,39.708,86.062,70.812,71,7,
Thu 11 Jan 2024 11:08:00 AM PST,39.770,86.000,70.937,71,7,
Thu 11 Jan 2024 11:08:10 AM PST,39.666,86.062,71.062,71,7,
Thu 11 Jan 2024 11:08:20 AM PST,39.521,86.000,71.250,71,7,
Thu 11 Jan 2024 11:08:30 AM PST,39.250,86.062,71.250,71,7,
Thu 11 Jan 2024 11:08:40 AM PST,39.167,86.000,71.250,71,7,
Thu 11 Jan 2024 11:08:50 AM PST,39.084,86.000,71.250,71,7,
Thu 11 Jan 2024 11:09:00 AM PST,39.001,86.062,70.875,71,7,
Thu 11 Jan 2024 11:09:10 AM PST,39.417,86.062,70.687,71,7,
Thu 11 Jan 2024 11:09:20 AM PST,39.709,86.062,70.375,71,7,
Thu 11 Jan 2024 11:09:30 AM PST,40.229,86.062,70.125,71,7,
Thu 11 Jan 2024 11:09:40 AM PST,40.770,86.062,70.250,71,7,
Thu 11 Jan 2024 11:09:50 AM PST,40.895,86.062,70.437,71,7,
Thu 11 Jan 2024 11:10:00 AM PST,40.895,86.062,70.500,71,7,
Thu 11 Jan 2024 11:10:10 AM PST,40.998,86.062,70.625,71,7,
Thu 11 Jan 2024 11:10:20 AM PST,40.998,86.062,70.812,71,7,
Thu 11 Jan 2024 11:10:30 AM PST,40.873,86.062,71.062,71,7,
Thu 11 Jan 2024 11:10:40 AM PST,40.603,86.125,71.187,71,7,
Thu 11 Jan 2024 11:10:50 AM PST,40.416,86.062,71.250,71,7,
Thu 11 Jan 2024 11:11:00 AM PST,40.270,86.125,71.375,71,7,
Thu 11 Jan 2024 11:11:10 AM PST,40.020,86.062,71.437,71,7,
Thu 11 Jan 2024 11:11:20 AM PST,39.813,86.125,71.375,71,7,
Thu 11 Jan 2024 11:11:30 AM PST,39.750,86.125,71.312,71,7,
Thu 11 Jan 2024 11:11:40 AM PST,39.709,86.125,71.375,71,7,
Thu 11 Jan 2024 11:11:50 AM PST,39.521,86.125,71.187,71,7,
Thu 11 Jan 2024 11:12:00 AM PST,39.647,86.125,71.125,71,7,
Thu 11 Jan 2024 11:12:10 AM PST,39.668,86.062,71.250,71,7,
Thu 11 Jan 2024 11:12:20 AM PST,39.460,86.125,71.375,71,7,
Thu 11 Jan 2024 11:12:30 AM PST,39.210,86.125,71.437,71,7,
Thu 11 Jan 2024 11:12:40 AM PST,39.003,86.125,71.437,71,7,
Thu 11 Jan 2024 11:12:50 AM PST,38.858,86.125,71.500,71,7,
Thu 11 Jan 2024 11:13:00 AM PST,38.629,86.125,71.312,71,7,
Thu 11 Jan 2024 11:13:10 AM PST,38.713,86.125,71.062,71,7,
Thu 11 Jan 2024 11:13:20 AM PST,38.943,86.125,70.875,71,7,
Thu 11 Jan 2024 11:13:30 AM PST,39.171,86.125,70.875,71,7,
Thu 11 Jan 2024 11:13:40 AM PST,39.212,86.125,70.750,71,7,
Thu 11 Jan 2024 11:13:50 AM PST,39.420,86.125,70.875,71,7,
Thu 11 Jan 2024 11:14:00 AM PST,39.336,86.125,70.625,71,7,
Thu 11 Jan 2024 11:14:10 AM PST,39.711,86.125,70.250,71,7,
Thu 11 Jan 2024 11:14:20 AM PST,40.336,86.125,70.312,71,7,
Thu 11 Jan 2024 11:14:30 AM PST,40.503,86.125,70.375,71,7,
Thu 11 Jan 2024 11:14:40 AM PST,40.648,86.062,70.750,71,7,
Thu 11 Jan 2024 11:14:50 AM PST,40.356,86.125,71.062,71,7,
Thu 11 Jan 2024 11:15:02 AM PST,40.024,86.125,71.312,71,7,50
Thu 11 Jan 2024 11:15:13 AM PST,39.670,86.125,71.125,71,7,
Thu 11 Jan 2024 11:15:23 AM PST,39.816,86.125,71.062,71,7,
Thu 11 Jan 2024 11:15:33 AM PST,39.859,86.125,71.000,71,7,
Thu 11 Jan 2024 11:15:43 AM PST,39.921,86.125,70.812,71,7,
Thu 11 Jan 2024 11:15:53 AM PST,40.171,86.125,70.562,71,7,
Thu 11 Jan 2024 11:16:03 AM PST,40.567,86.125,70.750,71,7,
Thu 11 Jan 2024 11:16:13 AM PST,40.462,86.125,70.937,71,7,
Thu 11 Jan 2024 11:16:23 AM PST,40.296,86.125,71.187,71,7,
Thu 11 Jan 2024 11:16:33 AM PST,39.984,86.125,71.312,71,7,
Thu 11 Jan 2024 11:16:43 AM PST,39.755,86.125,71.312,71,7,
Thu 11 Jan 2024 11:16:53 AM PST,39.651,86.125,71.437,71,7,
Thu 11 Jan 2024 11:17:03 AM PST,39.381,86.125,71.500,71,7,
Thu 11 Jan 2024 11:17:13 AM PST,39.152,86.125,71.625,71,7,
Thu 11 Jan 2024 11:17:23 AM PST,38.819,86.187,71.625,71,7,
Thu 11 Jan 2024 11:17:33 AM PST,38.611,86.125,71.562,71,7,
Thu 11 Jan 2024 11:17:43 AM PST,38.487,86.125,71.250,71,7,
Thu 11 Jan 2024 11:17:53 AM PST,38.716,86.187,71.062,71,7,
Thu 11 Jan 2024 11:18:03 AM PST,38.884,86.187,70.875,71,7,
Thu 11 Jan 2024 11:18:13 AM PST,39.112,86.187,70.812,71,7,
Thu 11 Jan 2024 11:18:23 AM PST,39.237,86.187,70.812,71,7,
Thu 11 Jan 2024 11:18:33 AM PST,39.299,86.125,71.000,71,7,
Thu 11 Jan 2024 11:18:43 AM PST,39.111,86.187,71.187,71,7,
Thu 11 Jan 2024 11:18:53 AM PST,38.862,86.187,71.312,71,7,
Thu 11 Jan 2024 11:19:03 AM PST,38.633,86.187,71.187,71,7,
Thu 11 Jan 2024 11:19:13 AM PST,38.696,86.187,70.875,71,7,
Thu 11 Jan 2024 11:19:23 AM PST,39.049,86.125,70.562,71,7,
Thu 11 Jan 2024 11:19:33 AM PST,39.508,86.187,70.562,71,7,
Thu 11 Jan 2024 11:19:43 AM PST,39.654,86.187,70.812,71,7,
Thu 11 Jan 2024 11:19:53 AM PST,39.466,86.187,70.750,71,7,
Thu 11 Jan 2024 11:20:03 AM PST,39.611,86.187,70.937,71,7,
Thu 11 Jan 2024 11:20:13 AM PST,39.445,86.125,70.625,71,7,
Thu 11 Jan 2024 11:20:23 AM PST,39.882,86.125,70.437,71,7,
Thu 11 Jan 2024 11:20:33 AM PST,40.257,86.187,70.375,71,7,
Thu 11 Jan 2024 11:20:43 AM PST,40.527,86.187,70.375,71,7,
Thu 11 Jan 2024 11:20:53 AM PST,40.735,86.187,70.437,71,7,
Thu 11 Jan 2024 11:21:03 AM PST,40.860,86.187,70.750,71,7,
Thu 11 Jan 2024 11:21:13 AM PST,40.630,86.187,70.812,71,7,
Thu 11 Jan 2024 11:21:23 AM PST,40.630,86.125,71.062,71,7,
Thu 11 Jan 2024 11:21:33 AM PST,40.360,86.187,71.187,71,7,
Thu 11 Jan 2024 11:21:43 AM PST,40.173,86.187,71.312,71,7,
Thu 11 Jan 2024 11:21:53 AM PST,39.944,86.187,71.250,71,7,
Thu 11 Jan 2024 11:22:03 AM PST,39.923,86.187,71.250,71,7,
Thu 11 Jan 2024 11:22:13 AM PST,39.840,86.125,71.250,71,7,
Thu 11 Jan 2024 11:22:23 AM PST,39.757,86.125,71.062,71,7,
Thu 11 Jan 2024 11:22:33 AM PST,39.925,86.187,71.062,71,7,
Thu 11 Jan 2024 11:22:43 AM PST,39.905,86.187,71.062,71,7,
Thu 11 Jan 2024 11:22:53 AM PST,39.885,86.187,71.187,71,7,
Thu 11 Jan 2024 11:23:03 AM PST,39.698,86.187,71.312,71,7,
Thu 11 Jan 2024 11:23:13 AM PST,39.469,86.187,71.250,71,7,
Thu 11 Jan 2024 11:23:23 AM PST,39.448,86.125,71.187,71,7,
Thu 11 Jan 2024 11:23:33 AM PST,39.449,86.187,71.187,71,7,
Thu 11 Jan 2024 11:23:43 AM PST,39.387,86.187,71.312,71,7,
Thu 11 Jan 2024 11:23:53 AM PST,39.158,86.187,71.312,71,7,
Thu 11 Jan 2024 11:24:03 AM PST,39.054,86.187,71.125,71,7,
Thu 11 Jan 2024 11:24:13 AM PST,39.200,86.125,71.062,71,7,
Thu 11 Jan 2024 11:24:23 AM PST,39.243,86.187,71.062,71,7,
Thu 11 Jan 2024 11:24:33 AM PST,39.223,86.187,70.937,71,7,
Thu 11 Jan 2024 11:24:43 AM PST,39.369,86.187,70.500,71,7,
Thu 11 Jan 2024 11:24:53 AM PST,39.972,86.187,70.125,71,7,
Thu 11 Jan 2024 11:25:03 AM PST,40.638,86.187,70.125,71,7,
Thu 11 Jan 2024 11:25:13 AM PST,40.929,86.187,70.187,71,7,
Thu 11 Jan 2024 11:25:23 AM PST,41.138,86.187,70.500,71,7,
Thu 11 Jan 2024 11:25:33 AM PST,40.991,86.187,70.937,71,7,
Thu 11 Jan 2024 11:25:43 AM PST,40.575,86.187,71.125,71,7,
Thu 11 Jan 2024 11:25:53 AM PST,40.346,86.187,71.187,71,7,
Thu 11 Jan 2024 11:26:03 AM PST,40.222,86.187,71.312,71,7,
Thu 11 Jan 2024 11:26:13 AM PST,39.993,86.187,71.250,71,7,
Thu 11 Jan 2024 11:26:23 AM PST,39.972,86.187,71.375,71,7,
Thu 11 Jan 2024 11:26:33 AM PST,39.722,86.187,71.250,71,7,
Thu 11 Jan 2024 11:26:43 AM PST,39.764,86.250,71.375,71,7,
Thu 11 Jan 2024 11:26:53 AM PST,39.514,86.250,71.375,71,7,
Thu 11 Jan 2024 11:27:03 AM PST,39.389,86.250,71.312,71,7,
Thu 11 Jan 2024 11:27:13 AM PST,39.348,86.250,71.187,71,7,
Thu 11 Jan 2024 11:27:23 AM PST,39.411,86.250,71.187,71,7,
Thu 11 Jan 2024 11:27:33 AM PST,39.349,86.250,71.062,71,7,
Thu 11 Jan 2024 11:27:43 AM PST,39.454,86.250,71.062,71,7,
Thu 11 Jan 2024 11:27:53 AM PST,39.434,86.250,71.000,71,7,
Thu 11 Jan 2024 11:28:03 AM PST,39.496,86.250,71.000,71,7,
Thu 11 Jan 2024 11:28:13 AM PST,39.496,86.250,71.187,71,7,
Thu 11 Jan 2024 11:28:23 AM PST,39.247,86.250,71.250,71,7,
Thu 11 Jan 2024 11:28:33 AM PST,39.101,86.250,71.250,71,7,
Thu 11 Jan 2024 11:28:43 AM PST,39.018,86.250,71.187,71,7,
Thu 11 Jan 2024 11:28:53 AM PST,39.019,86.250,71.187,71,7,
Thu 11 Jan 2024 11:29:03 AM PST,38.957,86.250,71.187,71,7,
Thu 11 Jan 2024 11:29:13 AM PST,38.895,86.250,70.937,71,7,
Thu 11 Jan 2024 11:29:23 AM PST,39.166,86.250,70.937,71,7,
Thu 11 Jan 2024 11:29:33 AM PST,39.187,86.250,70.875,71,7,
Thu 11 Jan 2024 11:29:43 AM PST,39.290,86.250,70.687,71,7,
Thu 11 Jan 2024 11:29:53 AM PST,39.582,86.312,70.812,71,7,
Thu 11 Jan 2024 11:30:03 AM PST,39.519,86.250,71.062,71,7,
Thu 11 Jan 2024 11:30:13 AM PST,39.249,86.250,71.250,71,7,
Thu 11 Jan 2024 11:30:23 AM PST,38.978,86.250,71.375,71,7,
Thu 11 Jan 2024 11:30:33 AM PST,38.728,86.250,71.437,71,7,
Thu 11 Jan 2024 11:30:43 AM PST,38.521,86.312,71.062,71,7,
Thu 11 Jan 2024 11:30:53 AM PST,38.876,86.312,70.750,71,7,
Thu 11 Jan 2024 11:31:03 AM PST,39.271,86.250,70.812,71,7,
Thu 11 Jan 2024 11:31:13 AM PST,39.271,86.250,71.000,71,7,
Thu 11 Jan 2024 11:31:23 AM PST,39.083,86.250,71.062,71,7,
Thu 11 Jan 2024 11:31:33 AM PST,39.001,86.312,71.125,71,7,
Thu 11 Jan 2024 11:31:43 AM PST,38.897,86.312,71.062,71,7,
Thu 11 Jan 2024 11:31:53 AM PST,38.940,86.312,70.937,71,7,
Thu 11 Jan 2024 11:32:03 AM PST,39.086,86.312,70.937,71,7,
Thu 11 Jan 2024 11:32:13 AM PST,39.107,86.250,71.062,71,7,
Thu 11 Jan 2024 11:32:23 AM PST,38.962,86.312,71.000,71,7,
Thu 11 Jan 2024 11:32:33 AM PST,39.024,86.312,71.125,71,7,
Thu 11 Jan 2024 11:32:43 AM PST,38.858,86.312,71.187,71,7,
Thu 11 Jan 2024 11:32:53 AM PST,38.734,86.312,70.875,71,7,
Thu 11 Jan 2024 11:33:03 AM PST,39.087,86.312,70.687,71,7,
Thu 11 Jan 2024 11:33:13 AM PST,39.379,86.312,70.687,71,7,
Thu 11 Jan 2024 11:33:23 AM PST,39.483,86.312,70.937,71,7,
Thu 11 Jan 2024 11:33:33 AM PST,39.254,86.312,70.937,71,7,
Thu 11 Jan 2024 11:33:43 AM PST,39.275,86.312,71.125,71,7,
Thu 11 Jan 2024 11:33:53 AM PST,39.046,86.250,71.187,71,7,
Thu 11 Jan 2024 11:34:03 AM PST,38.922,86.312,71.250,71,7,
Thu 11 Jan 2024 11:34:13 AM PST,38.776,86.250,71.250,71,7,
Thu 11 Jan 2024 11:34:23 AM PST,38.693,86.312,70.937,71,7,
Thu 11 Jan 2024 11:34:33 AM PST,39.027,86.312,70.500,71,7,
Thu 11 Jan 2024 11:34:43 AM PST,39.630,86.312,70.750,71,7,
Thu 11 Jan 2024 11:34:53 AM PST,39.463,86.312,70.750,71,7,
Thu 11 Jan 2024 11:35:03 AM PST,39.546,86.312,70.812,71,7,
Thu 11 Jan 2024 11:35:13 AM PST,39.546,86.312,71.062,71,7,
Thu 11 Jan 2024 11:35:23 AM PST,39.276,86.312,71.125,71,7,
Thu 11 Jan 2024 11:35:33 AM PST,39.172,86.312,71.187,71,7,
Thu 11 Jan 2024 11:35:43 AM PST,39.048,86.312,71.250,71,7,
Thu 11 Jan 2024 11:35:53 AM PST,38.902,86.312,71.125,71,7,
Thu 11 Jan 2024 11:36:03 AM PST,38.986,86.312,70.812,71,7,
Thu 11 Jan 2024 11:36:13 AM PST,39.361,86.312,70.812,71,7,
Thu 11 Jan 2024 11:36:23 AM PST,39.423,86.312,70.875,71,7,
Thu 11 Jan 2024 11:36:33 AM PST,39.401,86.312,70.687,71,7,
Thu 11 Jan 2024 11:36:43 AM PST,39.693,86.312,70.625,71,7,
Thu 11 Jan 2024 11:36:53 AM PST,39.880,86.312,70.562,71,7,
Thu 11 Jan 2024 11:37:03 AM PST,40.089,86.312,70.312,71,7,
Thu 11 Jan 2024 11:37:13 AM PST,40.568,86.312,70.062,71,7,
Thu 11 Jan 2024 11:37:23 AM PST,41.130,86.312,70.437,71,7,
Thu 11 Jan 2024 11:37:33 AM PST,40.942,86.312,70.625,71,7,
Thu 11 Jan 2024 11:37:43 AM PST,40.879,86.312,70.812,71,7,
Thu 11 Jan 2024 11:37:53 AM PST,40.754,86.312,71.062,71,7,
Thu 11 Jan 2024 11:38:03 AM PST,40.484,86.312,71.187,71,7,
Thu 11 Jan 2024 11:38:13 AM PST,40.297,86.375,71.187,71,7,
Thu 11 Jan 2024 11:38:23 AM PST,40.235,86.375,71.375,71,7,
Thu 11 Jan 2024 11:38:33 AM PST,39.922,86.312,71.312,71,7,
Thu 11 Jan 2024 11:38:43 AM PST,39.881,86.375,71.125,71,7,
Thu 11 Jan 2024 11:38:53 AM PST,40.027,86.375,70.937,71,7,
Thu 11 Jan 2024 11:39:03 AM PST,40.236,86.375,71.000,71,7,
Thu 11 Jan 2024 11:39:13 AM PST,40.173,86.312,71.000,71,7,
Thu 11 Jan 2024 11:39:23 AM PST,40.173,86.375,71.125,71,7,
Thu 11 Jan 2024 11:39:33 AM PST,40.007,86.375,71.000,71,7,
Thu 11 Jan 2024 11:39:43 AM PST,40.132,86.375,70.687,71,7,
Thu 11 Jan 2024 11:39:53 AM PST,40.549,86.375,70.562,71,7,
Thu 11 Jan 2024 11:40:03 AM PST,40.820,86.375,70.875,71,7,
Thu 11 Jan 2024 11:40:13 AM PST,40.548,86.312,71.125,71,7,
Thu 11 Jan 2024 11:40:23 AM PST,40.257,86.375,71.437,71,7,
Thu 11 Jan 2024 11:40:33 AM PST,39.800,86.312,71.437,71,7,
Thu 11 Jan 2024 11:40:43 AM PST,39.655,86.375,71.375,71,7,
Thu 11 Jan 2024 11:40:53 AM PST,39.592,86.375,71.375,71,7,
Thu 11 Jan 2024 11:41:03 AM PST,39.467,86.375,71.437,71,7,
Thu 11 Jan 2024 11:41:13 AM PST,39.260,86.375,71.562,71,7,
Thu 11 Jan 2024 11:41:23 AM PST,38.948,86.375,71.500,71,7,
Thu 11 Jan 2024 11:41:33 AM PST,38.844,86.375,71.437,71,7,
Thu 11 Jan 2024 11:41:43 AM PST,38.762,86.375,71.437,71,7,
Thu 11 Jan 2024 11:41:53 AM PST,38.617,86.375,71.125,71,7,
Thu 11 Jan 2024 11:42:03 AM PST,38.888,86.375,70.687,71,7,
Thu 11 Jan 2024 11:42:13 AM PST,39.430,86.375,70.625,71,7,
Thu 11 Jan 2024 11:42:23 AM PST,39.617,86.375,70.812,71,7,
Thu 11 Jan 2024 11:42:33 AM PST,39.492,86.375,71.000,71,7,100
Thu 11 Jan 2024 11:42:43 AM PST,39.304,86.375,71.125,71,7,
Thu 11 Jan 2024 11:42:53 AM PST,39.138,86.375,71.125,71,7,
Thu 11 Jan 2024 11:43:03 AM PST,39.097,86.375,71.125,71,7,
Thu 11 Jan 2024 11:43:13 AM PST,39.056,86.375,71.125,71,7,
Thu 11 Jan 2024 11:43:23 AM PST,39.015,86.375,71.125,71,7,
Thu 11 Jan 2024 11:43:33 AM PST,38.974,86.375,71.187,71,7,
Thu 11 Jan 2024 11:43:43 AM PST,38.850,86.375,71.187,71,7,
Thu 11 Jan 2024 11:43:53 AM PST,38.788,86.375,71.062,71,7,
Thu 11 Jan 2024 11:44:03 AM PST,38.893,86.375,70.750,71,7,
Thu 11 Jan 2024 11:44:13 AM PST,39.288,86.437,70.562,71,7,
Thu 11 Jan 2024 11:44:23 AM PST,39.622,86.375,70.625,71,7,
Thu 11 Jan 2024 11:44:33 AM PST,39.684,86.375,70.812,71,7,
Thu 11 Jan 2024 11:44:43 AM PST,39.559,86.375,70.937,71,7,
Thu 11 Jan 2024 11:44:53 AM PST,39.455,86.375,71.187,71,7,
Thu 11 Jan 2024 11:45:03 AM PST,39.143,86.437,71.250,71,7,
Thu 11 Jan 2024 11:45:13 AM PST,38.997,86.375,71.125,71,7,
Thu 11 Jan 2024 11:45:23 AM PST,39.081,86.437,71.062,71,7,
Thu 11 Jan 2024 11:45:33 AM PST,39.124,86.375,71.062,71,7,
Thu 11 Jan 2024 11:45:43 AM PST,39.104,86.437,71.062,71,7,
Thu 11 Jan 2024 11:45:53 AM PST,39.084,86.437,71.062,71,7,
Thu 11 Jan 2024 11:46:03 AM PST,39.064,86.437,71.125,71,7,
Thu 11 Jan 2024 11:46:13 AM PST,38.960,86.437,71.062,71,7,
Thu 11 Jan 2024 11:46:23 AM PST,39.003,86.437,71.125,71,7,
Thu 11 Jan 2024 11:46:33 AM PST,38.899,86.437,71.125,71,7,
Thu 11 Jan 2024 11:46:43 AM PST,38.858,86.437,70.937,71,7,
Thu 11 Jan 2024 11:46:53 AM PST,39.067,86.437,70.750,71,7,
Thu 11 Jan 2024 11:47:03 AM PST,39.337,86.437,70.812,71,7,
Thu 11 Jan 2024 11:47:13 AM PST,39.337,86.437,71.000,71,7,
Thu 11 Jan 2024 11:47:23 AM PST,39.149,86.437,71.125,71,7,
Thu 11 Jan 2024 11:47:33 AM PST,38.983,86.437,71.125,71,7,
Thu 11 Jan 2024 11:47:43 AM PST,38.942,86.437,71.125,71,7,
Thu 11 Jan 2024 11:47:53 AM PST,38.901,86.437,71.125,71,7,
Thu 11 Jan 2024 11:48:03 AM PST,38.860,86.437,71.125,71,7,
Thu 11 Jan 2024 11:48:13 AM PST,38.819,86.437,71.250,71,7,
Thu 11 Jan 2024 11:48:23 AM PST,38.611,86.437,71.187,71,7,
Thu 11 Jan 2024 11:48:33 AM PST,38.612,86.437,71.187,71,7,
Thu 11 Jan 2024 11:48:43 AM PST,38.550,86.437,70.875,71,7,
Thu 11 Jan 2024 11:48:53 AM PST,38.903,86.437,70.812,71,7,
Thu 11 Jan 2024 11:49:03 AM PST,39.028,86.437,70.750,71,7,
Thu 11 Jan 2024 11:49:13 AM PST,39.173,86.437,70.875,71,7,
Thu 11 Jan 2024 11:49:23 AM PST,39.089,86.437,71.062,71,7,
Thu 11 Jan 2024 11:49:33 AM PST,38.882,86.437,71.062,71,7,
Thu 11 Jan 2024 11:49:43 AM PST,38.862,86.437,70.875,71,7,
Thu 11 Jan 2024 11:49:53 AM PST,39.090,86.437,70.562,71,7,
Thu 11 Jan 2024 11:50:03 AM PST,39.549,86.437,70.625,71,7,
Thu 11 Jan 2024 11:50:13 AM PST,39.611,86.437,70.312,71,7,
Thu 11 Jan 2024 11:50:23 AM PST,40.153,86.437,70.250,71,7,
Thu 11 Jan 2024 11:50:33 AM PST,40.465,86.437,70.250,71,7,
Thu 11 Jan 2024 11:50:43 AM PST,40.715,86.437,70.312,71,7,
Thu 11 Jan 2024 11:50:53 AM PST,40.882,86.437,70.562,71,7,
Thu 11 Jan 2024 11:51:03 AM PST,40.778,86.437,70.687,71,7,
Thu 11 Jan 2024 11:51:13 AM PST,40.757,86.437,70.875,71,7,
Thu 11 Jan 2024 11:51:23 AM PST,40.610,86.437,71.125,71,7,
Thu 11 Jan 2024 11:51:33 AM PST,40.319,86.437,71.250,71,7,
Thu 11 Jan 2024 11:51:43 AM PST,40.111,86.437,71.375,71,7,
Thu 11 Jan 2024 11:51:53 AM PST,39.861,86.437,71.312,71,7,
Thu 11 Jan 2024 11:52:03 AM PST,39.820,86.437,71.062,71,7,
Thu 11 Jan 2024 11:52:13 AM PST,40.050,86.437,70.687,71,7,
Thu 11 Jan 2024 11:52:23 AM PST,40.529,86.437,70.437,71,7,
Thu 11 Jan 2024 11:52:33 AM PST,40.966,86.437,70.437,71,7,
Thu 11 Jan 2024 11:52:43 AM PST,41.153,86.437,70.562,71,7,
Thu 11 Jan 2024 11:52:53 AM PST,41.174,86.437,70.750,71,7,
Thu 11 Jan 2024 11:53:03 AM PST,41.069,86.437,71.000,71,7,
Thu 11 Jan 2024 11:53:13 AM PST,40.819,86.437,71.250,71,7,
Thu 11 Jan 2024 11:53:23 AM PST,40.486,86.500,71.437,71,7,
Thu 11 Jan 2024 11:53:33 AM PST,40.154,86.500,71.500,71,7,
Thu 11 Jan 2024 11:53:43 AM PST,39.925,86.500,71.500,71,7,
Thu 11 Jan 2024 11:53:53 AM PST,39.759,86.437,71.125,71,7,
Thu 11 Jan 2024 11:54:03 AM PST,40.093,86.500,70.687,71,7,
Thu 11 Jan 2024 11:54:13 AM PST,40.635,86.500,70.500,71,7,
Thu 11 Jan 2024 11:54:23 AM PST,40.988,86.500,70.812,71,7,
Thu 11 Jan 2024 11:54:33 AM PST,40.738,86.500,71.187,71,7,
Thu 11 Jan 2024 11:54:43 AM PST,40.301,86.500,71.250,71,7,
Thu 11 Jan 2024 11:54:53 AM PST,40.155,86.500,70.937,71,7,
Thu 11 Jan 2024 11:55:03 AM PST,40.489,86.500,71.000,71,7,
Thu 11 Jan 2024 11:55:13 AM PST,40.426,86.500,71.125,71,7,
Thu 11 Jan 2024 11:55:23 AM PST,40.260,86.500,71.312,71,7,
Thu 11 Jan 2024 11:55:33 AM PST,39.969,86.500,71.437,71,7,
Thu 11 Jan 2024 11:55:43 AM PST,39.699,86.500,71.312,71,7,
Thu 11 Jan 2024 11:55:53 AM PST,39.720,86.500,70.875,71,7,
Thu 11 Jan 2024 11:56:03 AM PST,40.198,86.500,70.625,71,7,
Thu 11 Jan 2024 11:56:13 AM PST,40.573,86.500,70.562,71,7,
Thu 11 Jan 2024 11:56:23 AM PST,40.782,86.500,70.562,71,7,
Thu 11 Jan 2024 11:56:33 AM PST,40.928,86.500,70.812,71,7,
Thu 11 Jan 2024 11:56:43 AM PST,40.740,86.500,70.937,71,7,
Thu 11 Jan 2024 11:56:53 AM PST,40.636,86.500,71.125,71,7,
Thu 11 Jan 2024 11:57:03 AM PST,40.407,86.500,71.062,71,7,
Thu 11 Jan 2024 11:57:13 AM PST,40.450,86.500,71.187,71,7,
Thu 11 Jan 2024 11:57:23 AM PST,40.263,86.500,71.250,71,7,
Thu 11 Jan 2024 11:57:33 AM PST,40.117,86.500,71.375,71,7,
Thu 11 Jan 2024 11:57:43 AM PST,39.867,86.500,71.375,71,7,
Thu 11 Jan 2024 11:57:53 AM PST,39.742,86.500,71.250,71,7,
Thu 11 Jan 2024 11:58:03 AM PST,39.784,86.500,71.187,71,7,
Thu 11 Jan 2024 11:58:13 AM PST,39.785,86.500,71.125,71,7,
Thu 11 Jan 2024 11:58:23 AM PST,39.806,86.500,71.062,71,7,
Thu 11 Jan 2024 11:58:33 AM PST,39.849,86.500,71.187,71,7,
Thu 11 Jan 2024 11:58:43 AM PST,39.662,86.500,71.250,71,7,
Thu 11 Jan 2024 11:58:53 AM PST,39.516,86.562,71.187,71,7,
Thu 11 Jan 2024 11:59:03 AM PST,39.517,86.562,71.187,71,7,
Thu 11 Jan 2024 11:59:13 AM PST,39.455,86.500,71.187,71,7,
Thu 11 Jan 2024 11:59:23 AM PST,39.393,86.500,71.375,71,7,
Thu 11 Jan 2024 11:59:33 AM PST,39.080,86.500,71.437,71,7,
Thu 11 Jan 2024 11:59:43 AM PST,38.873,86.500,71.125,71,7,
Thu 11 Jan 2024 11:59:53 AM PST,39.144,86.500,70.937,71,7,
Thu 11 Jan 2024 12:00:03 PM PST,39.353,86.562,71.062,71,7,
Thu 11 Jan 2024 12:00:13 PM PST,39.208,86.562,71.187,71,7,
Thu 11 Jan 2024 12:00:23 PM PST,39.021,86.562,71.312,71,7,
Thu 11 Jan 2024 12:00:33 PM PST,38.792,86.562,71.500,71,7,
Thu 11 Jan 2024 12:00:43 PM PST,38.438,86.500,71.250,71,7,
Thu 11 Jan 2024 12:00:53 PM PST,38.605,86.562,71.062,71,7,
Thu 11 Jan 2024 12:01:03 PM PST,38.773,86.500,70.937,71,7,
Thu 11 Jan 2024 12:01:13 PM PST,38.919,86.562,70.875,71,7,
Thu 11 Jan 2024 12:01:23 PM PST,39.022,86.500,70.812,71,7,
Thu 11 Jan 2024 12:01:33 PM PST,39.147,86.500,70.812,71,7,
Thu 11 Jan 2024 12:01:43 PM PST,39.209,86.562,70.875,71,7,
Thu 11 Jan 2024 12:01:53 PM PST,39.187,86.562,71.187,71,7,
Thu 11 Jan 2024 12:02:03 PM PST,38.813,86.562,71.375,71,7,
Thu 11 Jan 2024 12:02:13 PM PST,38.500,86.562,71.312,71,7,
Thu 11 Jan 2024 12:02:23 PM PST,38.459,86.562,71.312,71,7,
Thu 11 Jan 2024 12:02:33 PM PST,38.355,86.562,71.062,71,7,
Thu 11 Jan 2024 12:02:43 PM PST,38.585,86.562,70.812,71,7,
Thu 11 Jan 2024 12:02:53 PM PST,38.897,86.562,70.687,71,7,
Thu 11 Jan 2024 12:03:03 PM PST,39.126,86.562,70.375,71,7,
Thu 11 Jan 2024 12:03:13 PM PST,39.646,86.562,70.375,71,7,
Thu 11 Jan 2024 12:03:23 PM PST,39.854,86.562,70.437,71,7,
Thu 11 Jan 2024 12:03:33 PM PST,39.979,86.562,70.625,71,7,
Thu 11 Jan 2024 12:03:43 PM PST,39.916,86.562,70.875,71,7,
Thu 11 Jan 2024 12:03:53 PM PST,39.707,86.562,71.125,71,7,
Thu 11 Jan 2024 12:04:03 PM PST,39.416,86.562,71.250,71,7,
Thu 11 Jan 2024 12:04:13 PM PST,39.208,86.562,71.187,71,7,
Thu 11 Jan 2024 12:04:23 PM PST,39.209,86.562,71.187,71,7,
Thu 11 Jan 2024 12:04:33 PM PST,39.147,86.562,71.312,71,7,
Thu 11 Jan 2024 12:04:43 PM PST,38.918,86.562,71.437,71,7,
Thu 11 Jan 2024 12:04:53 PM PST,38.648,86.562,71.625,71,7,
Thu 11 Jan 2024 12:05:03 PM PST,38.252,86.562,71.437,71,7,
Thu 11 Jan 2024 12:05:13 PM PST,38.295,86.625,71.250,71,7,
Thu 11 Jan 2024 12:05:23 PM PST,38.399,86.562,71.250,71,7,
Thu 11 Jan 2024 12:05:33 PM PST,38.316,86.625,70.937,71,7,
Thu 11 Jan 2024 12:05:43 PM PST,38.650,86.562,70.875,71,7,
Thu 11 Jan 2024 12:05:53 PM PST,38.753,86.562,70.875,71,7,
Thu 11 Jan 2024 12:06:03 PM PST,38.794,86.562,70.625,71,7,
Thu 11 Jan 2024 12:06:13 PM PST,39.169,86.562,70.562,71,7,
Thu 11 Jan 2024 12:06:23 PM PST,39.378,86.562,70.687,71,7,
Thu 11 Jan 2024 12:06:33 PM PST,39.357,86.562,70.687,71,7,
Thu 11 Jan 2024 12:06:43 PM PST,39.461,86.625,71.125,71,7,
Thu 11 Jan 2024 12:06:53 PM PST,38.982,86.562,71.312,71,7,
Thu 11 Jan 2024 12:07:03 PM PST,38.691,86.625,71.375,71,7,
Thu 11 Jan 2024 12:07:13 PM PST,38.503,86.625,71.062,71,7,
Thu 11 Jan 2024 12:07:23 PM PST,38.796,86.625,70.750,71,7,
Thu 11 Jan 2024 12:07:33 PM PST,39.191,86.625,70.750,71,7,
Thu 11 Jan 2024 12:07:43 PM PST,39.274,86.625,70.562,71,7,
Thu 11 Jan 2024 12:07:53 PM PST,39.608,86.625,70.625,71,7,
Thu 11 Jan 2024 12:08:03 PM PST,39.670,86.625,70.812,71,7,
Thu 11 Jan 2024 12:08:13 PM PST,39.545,86.625,71.000,71,7,
Thu 11 Jan 2024 12:08:23 PM PST,39.357,86.625,71.187,71,7,
Thu 11 Jan 2024 12:08:33 PM PST,39.108,86.625,71.312,71,7,
Thu 11 Jan 2024 12:08:43 PM PST,38.879,86.625,71.250,71,7,
Thu 11 Jan 2024 12:08:53 PM PST,38.858,86.687,71.250,71,7,
Thu 11 Jan 2024 12:09:03 PM PST,38.775,86.625,70.812,71,7,
Thu 11 Jan 2024 12:09:13 PM PST,39.275,86.687,70.500,71,7,150
Thu 11 Jan 2024 12:09:23 PM PST,39.753,86.625,70.375,71,7,
Thu 11 Jan 2024 12:09:33 PM PST,40.086,86.625,70.312,71,7,
Thu 11 Jan 2024 12:09:43 PM PST,40.378,86.625,70.625,71,7,
Thu 11 Jan 2024 12:09:53 PM PST,40.190,86.625,70.937,71,7,
Thu 11 Jan 2024 12:10:03 PM PST,39.899,86.625,71.062,71,7,
Thu 11 Jan 2024 12:10:13 PM PST,39.754,86.625,70.875,71,7,
Thu 11 Jan 2024 12:10:23 PM PST,39.982,86.625,70.375,71,7,
